Word,Frequency,Original Loading,Transformed Loading
i,0.04368729096989958,0.374870088702242,0.12817497035530598
what,0.003971571906354455,-0.47410823911069333,-0.39422826681258744
and,0.004765886287625363,0.02435448348807091,0.02365361464909748
we,0.004765886287625363,-0.020278248504729923,0.2150271743737365
yes,0.000794314381270815,0.21461926562382067,0.09808332052318859
takes,0.000794314381270815,-0.7226966374623846,-1.041946912191595
loved,0.000794314381270815,0.780211232814982,0.22765108821312433
real,0.0023829431438126348,0.11511356305394035,0.26604835102114444
they,0.003971571906354455,-0.4198235227557392,-0.12879063655768125
would,0.004765886287625363,-0.14586022068798407,-0.09831719900947479
a,0.000794314381270815,0.7740382339124396,1.0549650754183468
true,0.0015886287625417254,-0.3558313473407852,-0.15843071075738183
come,0.0031772575250835445,-0.4276691184297019,-0.6407235413654284
yet,0.000794314381270815,0.4144991576903444,0.463709277213339
hard,0.0015886287625417254,0.2426111119682389,0.3017231318067851
tell,0.0023829431438126348,-0.08650014038110197,-0.36191134746278997
better,0.000794314381270815,-0.6390808943197336,-0.7969890770178782
who,0.000794314381270815,-0.21485767538136685,0.10046312715605873
think,0.000794314381270815,0.14956772060510456,0.2783703989365432
makes,0.0015886287625417254,-0.07807650622518844,-0.18982759795236204
way,0.0031772575250835445,-0.34252886410388683,-0.47662169743274624
light,0.000794314381270815,0.21949322657120396,-0.18100507886984132
of,0.000794314381270815,-0.528083430008468,-0.62686099482828
the,0.006354515050167184,-0.005892873468769008,-0.09566510448891068
dog,0.0023829431438126348,-0.4640047168411804,-0.20816511571738144
open,0.0015886287625417254,0.4789712671908163,0.05534316220972674
mouth,0.0015886287625417254,0.6418502789435465,0.43609411277030546
word,0.000794314381270815,-0.057634659606798276,-0.029933455825699905
could,0.004765886287625363,0.008569482181587268,0.09094544036663103
woman,0.000794314381270815,5.9881549844897375,5.909255437028925
another,0.0023829431438126348,0.43377974107912787,0.3952239950500736
man,0.000794314381270815,-3.869690858674845,-3.840443795172179
though,0.000794314381270815,0.0769453839683267,0.316874257375613
hated,0.000794314381270815,0.0147483912354603,-0.36296141642820706
lose,0.000794314381270815,-1.4214650304871854,-1.3919119773612132
heart,0.0015886287625417254,0.2328981647750767,0.01211770060187955
believe,0.000794314381270815,0.09277661362138805,0.07872519794812063
every,0.000794314381270815,0.06321205757614953,-0.028724872500169092
see,0.0023829431438126348,0.04759275976718609,-0.2489259443274495
she,0.003971571906354455,5.563571607939319,5.573164696486212
saying,0.000794314381270815,-0.32653405608581154,-0.05558849472010334
change,0.000794314381270815,0.8723847186558951,0.3428510754934805
he,0.012709030100334367,-2.5421596435508684,-2.295020587912183
sun,0.000794314381270815,0.8441566722288609,0.7030141491990041
started,0.000794314381270815,0.5341047689384878,0.4176250141197332
it,0.008737458193979919,0.6352184578716515,0.7461776060597993
knows,0.0015886287625417254,-0.7366721945709596,-1.0170032252537555
well,0.0031772575250835445,-0.21280736245596535,-0.23883744128239667
must,0.0015886287625417254,-0.6265157265468011,-0.6024332349777217
hear,0.000794314381270815,-0.3884149950510585,-0.5435367279719653
v,0.000794314381270815,-0.27751641059124676,-0.11224959338565443
part,0.000794314381270815,-0.18978155493119658,-0.35658050850196393
brought,0.000794314381270815,-0.15044970175248273,-0.5512813941324273
us,0.000794314381270815,-0.786768940785299,-0.3639275619872224
far,0.000794314381270815,-0.20771791440831486,0.027725646395503047
less,0.000794314381270815,-0.63895111028365,-0.7518751937794391
one,0.003971571906354455,-0.1903111586754934,-0.4079267753928496
away,0.0023829431438126348,0.49458481860203074,0.4162134303308541
use,0.0015886287625417254,0.012382464270731253,-0.17570245195290438
my,0.000794314381270815,0.5748367190011372,0.4438957051933494
got,0.0023829431438126348,-0.30556730116899233,-0.08073495733567132
two,0.000794314381270815,-0.4444661802296307,-0.7615973692194934
months,0.000794314381270815,0.7008006432109857,0.63797205536355
eat,0.0015886287625417254,-0.17016272638195426,-0.46389397836148455
drink,0.000794314381270815,-0.30207523244992573,-0.6108233352715015
reason,0.0015886287625417254,-0.18619474747836767,-0.13056854295393244
successful,0.000794314381270815,-0.6215345830659164,-0.7147845674778841
head,0.000794314381270815,-0.059531399538961936,-0.06905451163461233
frequently,0.000794314381270815,1.0016998512541275,0.9594552196332911
silly,0.000794314381270815,0.49629074124688993,0.5217199110933105
extremely,0.000794314381270815,0.8518570854207599,0.2862458789712021
boyhood,0.000794314381270815,0.02427608469522757,-0.024815386569308012
might,0.000794314381270815,0.19044482418657832,0.32173390992628503
people,0.007148829431438094,-0.09288067510266002,-0.03576288268816842
go,0.0015886287625417254,-0.19251518924951097,-0.5538841166336337
lady,0.000794314381270815,1.6407317715305496,1.6298772711819247
left,0.000794314381270815,0.22233618255094387,0.24419093028819447
enough,0.000794314381270815,-0.7675599258017168,-0.8352113181920551
dreary,0.000794314381270815,0.04714379994550376,-0.2582689439108424
waste,0.000794314381270815,-0.44307678079261825,-0.40062315804515036
little,0.0031772575250835445,0.3246085396482573,0.04251133507523974
time,0.0023829431438126348,0.26750084339978947,0.1491165745969224
like,0.003971571906354455,-0.30443381766196653,-0.6656136993030752
many,0.000794314381270815,0.09784982346654704,0.10198643752533129
take,0.000794314381270815,-0.068299242419812,-0.35380709125079407
all,0.0015886287625417254,0.6115740684265466,0.3781244038850171
even,0.004765886287625363,-0.0626129005638065,-0.23263352024854167
seem,0.000794314381270815,0.5040048195633723,0.25180877754836156
know,0.0023829431438126348,-0.6119694485765679,-1.0246167022311898
so,0.000794314381270815,-0.2747994610529426,0.04573259747718048
good,0.000794314381270815,-0.8071722170181872,-0.772808698583454
cut,0.0015886287625417254,-0.05451469236051483,-0.32954522867755826
last,0.000794314381270815,0.14161024909015785,0.495612621865809
english,0.000794314381270815,-0.21471682819127097,-0.24586519405584842
sharp,0.000794314381270815,0.07537814692721076,0.043063998661128956
never,0.000794314381270815,-0.13739096005026274,-0.028700859722369836
thought,0.004765886287625363,0.398222872511448,0.3490838403292943
thing,0.004765886287625363,0.009573174235708104,-0.26920562316033747
this,0.003971571906354455,0.39982173468492876,0.6131469537893548
look,0.0015886287625417254,0.6234234424849509,0.17380156363180602
ca,0.0023829431438126348,0.701190464341547,0.8264251255478368
heard,0.0015886287625417254,-0.24476291875484976,-0.43824930628224534
say,0.0023829431438126348,-0.17570380094846044,0.03343779058453125
but,0.0023829431438126348,0.1484669048220079,0.9870748695956877
although,0.000794314381270815,1.0677637103596804,0.9859746507057183
called,0.0023829431438126348,-0.14751936571288668,-0.44667366189986113
give,0.0015886287625417254,0.045797336629210886,-0.020774527012874633
back,0.004765886287625363,0.14831909973404991,0.3459199346326817
learn,0.000794314381270815,-0.09208019144187518,-0.5706001305435623
em,0.000794314381270815,-2.0451155640343432,-1.5293736318692535
best,0.000794314381270815,0.08916970476279344,0.021368046834280265
always,0.004765886287625363,0.4434312677714084,0.13818285195551844
van,0.0015886287625417254,-0.3438343727934215,-0.38704170610669913
show,0.0023829431438126348,0.07400667722217938,0.054823303519387766
life,0.0015886287625417254,0.5621608750087308,0.4565450236204964
things,0.000794314381270815,0.31155564752173004,0.16377161009782987
single,0.0015886287625417254,0.6093163043993355,0.19370300221701792
find,0.000794314381270815,-0.18892458912002214,-0.38493455328265475
much,0.0015886287625417254,-0.36679132232852585,-0.21751179552810412
difficult,0.000794314381270815,0.8809792217915341,0.6692866366230904
make,0.0015886287625417254,0.052353590704416156,-0.18136297010627853
rather,0.0015886287625417254,-0.28577465160610177,-0.24046270264051942
blood,0.000794314381270815,-0.3729511443216158,-0.5906856186406201
stood,0.0015886287625417254,-0.16964334729687203,-0.4730616727117057
looking,0.000794314381270815,-0.14528015580206902,-0.2930515443067413
seemed,0.0015886287625417254,0.031511335712875475,-0.21818378950412942
red,0.000794314381270815,0.6019174569425186,0.2486102984751469
keep,0.0015886287625417254,0.10867026671342532,0.055670137550868894
practice,0.000794314381270815,-0.676729561352556,-0.8037171789977426
there,0.0015886287625417254,-0.130956330227367,-0.21715743769416088
right,0.0023829431438126348,0.47101539287202543,0.3492447950232698
kind,0.0015886287625417254,0.08130659309244624,0.09232952243952823
city,0.000794314381270815,0.6030930154706089,0.4998006001804759
happy,0.0023829431438126348,0.8308296710863496,0.7135190043279647
mind,0.0015886287625417254,-0.31801039758961513,-0.19598856810149431
book,0.000794314381270815,0.4793994466178078,0.26697154599143796
story,0.000794314381270815,0.14884460407162947,0.2316390016376748
may,0.0015886287625417254,0.3678082453641883,0.1600642057080142
stupid,0.004765886287625363,-0.6462450380564747,-0.7380425442981953
said,0.005560200668896277,-0.9184526305474202,-1.0855197658371534
around,0.0023829431438126348,0.1102535751380536,-0.0749370168114439
books,0.000794314381270815,0.6769949045025915,0.3570133965768403
why,0.005560200668896277,0.09028572762646556,0.26686208172435244
that,0.004765886287625363,-0.21745565615119666,0.15065952164502489
girl,0.000794314381270815,3.763158895852861,3.4373828082186066
strong,0.000794314381270815,-0.06117070027275824,-0.19270786928306113
looked,0.0015886287625417254,0.08714347061309848,-0.5765792443601397
laugh,0.000794314381270815,-0.10597216779576682,-0.023960063507820806
need,0.000794314381270815,0.42382132231855324,0.3128491549468825
work,0.0015886287625417254,-0.04183193242855406,-0.3097652999896529
host,0.000794314381270815,0.07512554562780802,0.1270988514121312
realized,0.000794314381270815,0.4053616668688741,0.3064465189402985
friend,0.000794314381270815,-0.3298255810069272,-0.46454824502693465
falling,0.000794314381270815,-0.10788348173713132,-0.1528709486365817
either,0.000794314381270815,-0.17705237805435922,-0.2411838113284069
help,0.0015886287625417254,0.4393283141376423,0.2710625083201799
listen,0.000794314381270815,-1.0492272379341065,-1.139042226454985
looks,0.000794314381270815,-0.06695074433397781,-0.5884974943589489
three,0.000794314381270815,-0.08719014880750907,-0.13890019189382635
year,0.000794314381270815,0.12528277335623264,-0.026807876176297152
here,0.0015886287625417254,-0.10188260601962121,-0.054689615175344285
art,0.000794314381270815,0.6480165989545303,0.5310401119707616
easy,0.000794314381270815,-0.3006009892627035,-0.3851443764471077
desert,0.000794314381270815,-0.04981411076066868,0.1617210400637469
let,0.0023829431438126348,-0.22990682264066736,-0.20899533931352857
face,0.0015886287625417254,0.3586546911945715,-0.1770377564595859
first,0.0015886287625417254,-0.3341910563049571,-0.48767057375659667
get,0.0015886287625417254,0.15070016488542384,0.037604115399617985
earth,0.000794314381270815,0.14447237881970065,0.4055224840447472
says,0.006354515050167184,-0.42905781833920803,-0.5728163416096648
long,0.000794314381270815,0.5313090765155313,0.3385944523970737
how,0.0031772575250835445,-0.25951921557769875,-0.3234492789464788
sure,0.0015886287625417254,-0.3354349160667963,-0.31668119251598054
half,0.0015886287625417254,0.12793706279250158,0.004751084639208897
ox,0.000794314381270815,-0.9780984041826329,-1.5073870654857466
put,0.000794314381270815,-0.0019290744889816948,-0.13002700139386986
by,0.000794314381270815,-0.08265940832522256,-0.07053343383493738
house,0.000794314381270815,0.4954860956079089,0.38076311971690363
brain,0.000794314381270815,0.5941207681567691,0.695945208431611
second,0.0015886287625417254,-0.43924720353043833,-0.33485634908828044
cause,0.000794314381270815,-0.6110046112144906,-0.35706205765426746
married,0.000794314381270815,2.7811784580988306,2.4035111066017714
sort,0.000794314381270815,0.30753375846072806,0.3687447048985435
beginning,0.000794314381270815,0.3065998119740721,0.1419904089943536
conceit,0.0007107023411370451,-0.19040755134228152,-0.18586298595777992
july,0.0015886287625417254,0.40953764193705544,0.5089536501247066
boy,0.0015886287625417254,-1.6276864002967968,-1.8133295508026592
mean,0.0031772575250835445,-0.25358490364966396,-0.11864073881741799
goes,0.0015886287625417254,-0.8904617970226928,-1.1587716690742664
when,0.0023829431438126348,0.340205838886568,0.49740194134256743
then,0.000794314381270815,0.33615988514239475,0.6824862875525339
screaming,0.000794314381270815,-0.3608713779496151,-0.34576776374498547
hurt,0.000794314381270815,-0.23469672761422822,-0.33958648222483034
also,0.000794314381270815,0.2822535443719718,0.13223530383820184
fate,0.000794314381270815,-1.230054007318508,-0.8316254669833294
door,0.0015886287625417254,0.48307453407830075,0.36225342285681306
answer,0.0015886287625417254,-0.7907260589762176,-1.076042047178317
four,0.000794314381270815,-0.41985843478168594,-0.5516630123645061
marry,0.000794314381270815,1.6154348729362809,1.4210565626980187
oh,0.000794314381270815,0.527457358719055,0.5523367174761182
independent,0.000794314381270815,0.5989765568721455,0.7232614064200911
price,0.000794314381270815,-0.37377229321205035,-0.25731340816770387
silence,0.0015886287625417254,-0.15615665141489,-0.25903368072240546
today,0.000794314381270815,-0.04385312946093481,-0.1934901091604768
talk,0.0015886287625417254,-0.273824668524277,-0.6384126466709515
going,0.0031772575250835445,0.11617143346805883,0.22425293026739687
side,0.000794314381270815,0.620831437464638,0.3517306966946221
wo,0.0031772575250835445,-0.164641512864485,0.08404777150328324
comes,0.000794314381270815,-1.1496371727926897,-1.4472302071223457
escape,0.000794314381270815,-0.3504329719236946,-0.23131074683315872
mother,0.0015886287625417254,4.0665148170018215,3.976075546612813
years,0.0023829431438126348,-0.06414050203840779,0.2271678799629128
born,0.000794314381270815,0.5255907733222227,0.17074875064589742
money,0.000794314381270815,-0.5178276445152592,-0.2983738680683551
days,0.000794314381270815,-0.2729743547409266,-0.1463625207426133
present,0.000794314381270815,0.1584655927986142,-0.27843583215485895
thousand,0.000794314381270815,-1.1215011428601727,-0.7371677236717605
parties,0.000794314381270815,0.45467275438927324,0.48386750553772123
feel,0.0031772575250835445,0.4077440433561259,-0.20535875349364865
dead,0.000794314381270815,-1.5962305696966912,-1.6402356215579612
want,0.0015886287625417254,-0.22013792866553583,-0.4628187660794213
holds,0.000794314381270815,-0.7410489610386563,-1.234841022721223
day,0.0015886287625417254,-0.12165131558519642,-0.4270538065748573
person,0.000794314381270815,0.9024547736548005,0.7882086919698391
worse,0.000794314381270815,0.24691522886487713,0.4392949674910719
gave,0.000794314381270815,0.027968961715876057,-0.07312130691006634
love,0.0015886287625417254,1.2478275924945272,0.8881379233123701
grace,0.000794314381270815,0.2633432199811526,0.2689400523278149
in,0.003971571906354455,0.32191903093477797,0.12049426054127146
angel,0.000794314381270815,0.822487485020995,0.82721833025484
talks,0.000794314381270815,-0.11920100847066613,0.04653716171510262
short,0.0015886287625417254,0.20709384640328787,0.07509922534872474
pause,0.000794314381270815,-0.536057655741658,-0.3274464998686236
hunger,0.0015886287625417254,-0.9985050663985998,-1.6125100237839969
tall,0.000794314381270815,0.3783018910196462,0.20048884256943605
learning,0.000794314381270815,0.49023469736624287,0.21082882892801225
supposed,0.000794314381270815,0.05367590230952115,0.007380208381433417
taken,0.000794314381270815,0.06515838614986025,-0.34902314879780494
held,0.000794314381270815,-0.5619993102649434,-0.9962259517087129
speech,0.000794314381270815,0.28234818777754744,0.3096692806441953
arms,0.000794314381270815,0.8551966454947602,0.33133848348553246
some,0.000794314381270815,-0.03833748569009613,0.12144788973833831
evening,0.000794314381270815,0.9939587846379144,0.7949047969195964
making,0.0015886287625417254,-0.07132497494375345,-0.2868427495651781
slowly,0.000794314381270815,-0.42250207049590466,-0.7302619224210423
chair,0.000794314381270815,0.9079468121565706,0.6644116031842333
willing,0.000794314381270815,-0.6053943782951136,-0.31313950564571724
tolerate,0.000794314381270815,0.25957147990117424,-0.25919396257654553
at,0.000794314381270815,0.980283088472987,0.8552260026480845
son,0.000794314381270815,-2.6114997416155123,-3.2646420571510957
forest,0.0015886287625417254,-0.21851099845478364,0.10809129658738015
since,0.000794314381270815,0.2900003662581097,0.3079258993224613
family,0.000794314381270815,1.260070078155348,0.8866600073831716
note,0.000794314381270815,-0.046003443093864914,-0.19182275036591667
policy,0.0023829431438126348,0.32705067477364974,0.6115357905504704
white,0.0023829431438126348,0.10216807813493793,-0.20299776584872772
call,0.000794314381270815,-0.2624237396926633,-0.5433761118983383
thinking,0.000794314381270815,0.07854123941027832,-0.043874003526609154
comfortable,0.000794314381270815,1.4632288649971525,0.8812429261129097
straight,0.000794314381270815,-0.5846703891901743,-0.23499719939430896
free,0.000794314381270815,0.7631696331042519,0.5497676991419269
questions,0.0015886287625417254,-0.26773788209147,-0.2929235608886462
die,0.000794314381270815,-0.9561535648581169,-1.5152618444931807
dance,0.0023829431438126348,1.3455383627059836,1.0061859600735674
husband,0.0023829431438126348,3.864595176247074,3.83267242063352
wants,0.000794314381270815,-0.6114219814484727,-0.6300758623972949
washington,0.000794314381270815,0.2907447916409477,0.6036410942554593
indians,0.000794314381270815,-1.9624981069597627,-1.1547952549700655
end,0.000794314381270815,-0.3485669279004002,-0.42957642223115605
inside,0.000794314381270815,0.46351106175464185,0.09911672140347734
invisible,0.000794314381270815,-0.14806447591453176,-0.8719856345235495
from,0.000794314381270815,-0.7803938925150059,-0.7525601159007289
felt,0.0031772575250835445,0.5842288880429519,0.30729533767734935
prefer,0.000794314381270815,0.37714347758126937,-0.06917895933768436
instead,0.000794314381270815,0.6923131158396358,0.7510319428104644
president,0.000794314381270815,-1.042476515741126,-0.3268483731829653
number,0.000794314381270815,0.04039162120551827,-0.16606404277073966
do,0.0031772575250835445,0.2686512209155275,0.38249268141070963
which,0.000794314381270815,-0.1359693729308022,0.3138369680142722
told,0.000794314381270815,-0.17006640799523942,-0.5317982113260825
deaf,0.000794314381270815,0.49016272333002175,0.13843337225281116
job,0.000794314381270815,0.33338940983635323,0.4907097510461297
foolish,0.000794314381270815,-0.6744737001716578,-0.837924182654565
immediately,0.000794314381270815,0.4015912269779093,0.0531870573765746
water,0.000794314381270815,1.0568729624170277,1.2113368933100577
indian,0.0015886287625417254,0.3954526664614147,0.24916433728959692
something,0.0015886287625417254,0.6310480563716563,0.34272944379602494
dropped,0.000794314381270815,-0.4249644569800129,-0.29061966972639963
exchanged,0.000794314381270815,-0.10445126637370097,-0.09701236113225961
struck,0.000794314381270815,-1.5221281216734348,-1.0909007445822272
hall,0.000794314381270815,1.0358197716657371,0.8049033435445377
touch,0.000794314381270815,1.1687069831503982,0.5858223448567788
mama,0.000794314381270815,1.7698387224080296,1.8405238475269907
suppose,0.000794314381270815,-0.17409454054634557,-0.03891956817087054
bit,0.0015886287625417254,0.3266045020893367,0.26390154827471324
corner,0.000794314381270815,0.020418533365948864,-0.36194282004062706
teeth,0.000794314381270815,-0.15475808509857983,-0.09516544226777274
past,0.0031772575250835445,-0.2746051358536353,-0.26231855868081067
hardly,0.000794314381270815,0.6611766644884136,0.7510808937232839
plant,0.0015886287625417254,0.6194842414077655,0.5722297826051943
morning,0.0015886287625417254,0.3726227132257511,0.25214469849003496
sailing,0.000794314381270815,-1.074968067923741,-1.1368244029987715
argument,0.000794314381270815,-0.06264145940917183,0.1685603061362964
key,0.000794314381270815,-0.3111854366527812,-0.2893812615274477
table,0.000794314381270815,0.13880153292698824,-0.3604335208248339
talking,0.0015886287625417254,-0.5473736657160164,-0.6868440302341308
late,0.000794314381270815,-0.18040104467664989,-0.40131515220174413
children,0.0015886287625417254,2.2460008809679923,1.571536924342981
kill,0.000794314381270815,-2.2183356727151384,-2.101825309421725
standing,0.000794314381270815,-0.269655558969084,-0.5446099227543381
bad,0.000794314381270815,-0.6299239011024316,-0.46824811525917714
went,0.0031772575250835445,-0.4683244794101804,-0.8027281499139187
name,0.000794314381270815,0.2150565599026471,0.34734402018699734
read,0.0031772575250835445,-0.585483603658718,-0.9172472965131089
directed,0.000794314381270815,-0.8346168200685575,-1.4295533868116355
rolled,0.000794314381270815,-0.08909257492302032,-0.37606592172714803
soldier,0.000794314381270815,-2.1873541853829996,-1.874168327931367
six,0.000794314381270815,-0.19835458205563555,-0.23413394021966322
missed,0.000794314381270815,-0.37964346413118943,-0.37795179813200336
shut,0.000794314381270815,-0.16257352558396107,-0.26431763327621405
you,0.007943143812709,0.22663007017503065,0.48985049111653395
french,0.000794314381270815,-0.209737667659269,-0.40171006242604496
early,0.000794314381270815,-0.3758514698315891,-0.6289999068935039
candles,0.000794314381270815,0.961918928350048,0.6826794084752056
began,0.000794314381270815,0.5830178637515696,0.3590735376469096
pretty,0.0015886287625417254,1.541646159883638,1.153089461809129
covers,0.000794314381270815,1.6617450723601976,0.9305756638634695
catholic,0.000794314381270815,0.7560058314255963,0.7238300779803271
buy,0.000794314381270815,-0.5134040857598585,-0.6959027396439476
fast,0.0023829431438126348,0.008285976713484267,0.3720033340334362
harm,0.000794314381270815,-0.12683910202926893,0.09789900103446679
proposition,0.000794314381270815,-0.23268528444011158,-0.06910564524908722
market,0.000794314381270815,-0.019144270875014746,0.07892466822824559
doctor,0.000794314381270815,0.7942967660369273,0.3717553225676904
times,0.000794314381270815,-0.9471086372115586,-0.7297347617153641
remark,0.000794314381270815,-0.47655791189456814,-0.5700921803268131
afternoon,0.000794314381270815,0.47773101068382573,0.4044592109469904
badly,0.000794314381270815,-0.7100800757467577,-0.5919547746678092
asked,0.000794314381270815,-0.0960227064587454,-0.39702580181243796
valley,0.000794314381270815,0.05455203640294058,0.14312782627860607
meaning,0.0015886287625417254,-0.5176204499936403,-0.3812037280436499
pine,0.000794314381270815,0.7567940816058865,0.8164992106844762
ask,0.0023829431438126348,-0.13402442531817443,-0.484057167887147
political,0.000794314381270815,-0.8737756624681229,-0.4663330835469969
lines,0.000794314381270815,-0.011292454911327368,0.03441238745590922
correct,0.000794314381270815,-0.34308445323239073,-0.14885334537955036
beside,0.000794314381270815,0.16838052436872947,-0.07285875775405022
piece,0.000794314381270815,0.4287413854480461,0.32766293678515646
unless,0.000794314381270815,-0.10626663864082939,0.26404534813916136
afford,0.000794314381270815,0.15293427212082084,-0.2523149740431788
sat,0.000794314381270815,0.15749786027263593,-0.43242937423259376
anything,0.000794314381270815,0.3684400989701706,0.2513606401399219
begin,0.000794314381270815,0.6484527891792984,0.26920387902017073
dinner,0.000794314381270815,0.9867555600266945,0.8452165172031079
up,0.0023829431438126348,-0.4743396361476358,-1.0672206273501597
crying,0.0015886287625417254,1.719492011350343,1.2480221892272385
anna,0.0031772575250835445,2.421199126456804,1.8347840812741798
delaware,0.000794314381270815,0.45203351069507824,0.6521855128638708
nobody,0.0023829431438126348,-1.1347674821840765,-0.5692213781493866
breath,0.000794314381270815,0.5379933855114336,0.5923386329699449
road,0.000794314381270815,-0.5032404571510968,-0.13393539507367908
bottle,0.0023829431438126348,0.1424756224466552,0.04022744129709556
seeing,0.000794314381270815,0.2728959732067936,-0.1981115713589642
poisoned,0.000794314381270815,-1.2609803208456885,-1.9502656453149356
wish,0.0015886287625417254,0.18397983360341655,0.12648180738853054
swinging,0.000794314381270815,-0.3497881053918946,-0.6712405926691571
known,0.0015886287625417254,-0.6104337424958111,-0.8420084141622404
sounded,0.0015886287625417254,0.13582543008479467,0.10783116121119699
where,0.000794314381270815,-0.6889947159311757,-0.8314301308387411
pocket,0.000794314381270815,-0.49501470013551463,-0.5729435814851678
quickly,0.000794314381270815,-0.3383274698860916,-0.27224892721864075
letters,0.000794314381270815,0.3333700502163558,0.2035205807169552
game,0.000794314381270815,-1.5983694667375477,-1.1313888519597541
cheap,0.000794314381270815,0.0725851288445428,0.003802410070871648
hot,0.000794314381270815,0.7355222914088422,0.28881677754019097
tells,0.000794314381270815,-0.2332519834804661,-0.5175928725999437
balls,0.000794314381270815,-0.631982266356512,-0.3685525386180815
twice,0.000794314381270815,-0.8470882981531753,-1.0501842761300009
finally,0.000794314381270815,0.4467008169443577,0.8711258085252542
color,0.000794314381270815,1.0269274645726432,0.6975900896949006
enemies,0.000794314381270815,-2.175526949190704,-1.458997775595654
threw,0.000794314381270815,-1.2053298593607873,-1.2150332447322367
toy,0.000794314381270815,0.9259575660696588,0.9395556366838337
flashing,0.000794314381270815,-0.371415731633614,-0.8285386378562898
drawer,0.000794314381270815,0.9603719493102396,1.0855505146371247
nuts,0.000794314381270815,-0.20355513963517152,-0.500651897475207
front,0.000794314381270815,0.3091894275220768,-0.09600702728009904
wood,0.000794314381270815,-0.984275041107464,-1.1768881487900436
else,0.0015886287625417254,-0.04398383191852413,0.05641803558155141
knife,0.000794314381270815,-0.7473125756612153,-0.5942857239680684
blank,0.0015886287625417254,0.574469255403004,0.09241667245162166
class,0.000794314381270815,0.4266757687445703,0.4633538197557437
terribly,0.000794314381270815,0.6245367047275321,0.4330654411356073
smell,0.000794314381270815,0.4045625880037316,-0.0693811101534553
evidence,0.000794314381270815,-0.053729675568091474,0.1392881676011044
beloved,0.000794314381270815,-0.15741324873552245,-0.5551271836524834
female,0.000794314381270815,4.488032989985622,4.282579543135449
safe,0.000794314381270815,1.0759114389526814,0.8415113739646032
symbol,0.000794314381270815,0.5559466549297071,0.46208124358969904
hanging,0.000794314381270815,0.46200444494123943,-0.036240402355891654
win,0.000794314381270815,-1.4345793230054453,-0.9188735436073016
education,0.000794314381270815,1.203799045821171,0.9540122262243763
pulled,0.0023829431438126348,0.40036300267755315,0.020557217024154605
pull,0.000794314381270815,-0.1818239275830667,-0.2600871902404543
confession,0.000794314381270815,-0.06498023785024504,-0.10702967999635962
be,0.000794314381270815,-0.39808161444149714,-0.3224792249049259
veteran,0.000794314381270815,-2.4868162738692083,-2.2074082981886067
picked,0.000794314381270815,0.23427915363705623,0.24110189428758444
wait,0.000794314381270815,0.35307046596510966,0.24003728973577765
important,0.000794314381270815,0.499719295797939,0.40982122962190787
report,0.000794314381270815,0.11576146879030894,0.12957000526016843
dream,0.000794314381270815,0.49521829832007613,0.4582183044014709
doors,0.000794314381270815,0.6298529234846015,0.5131377379375792
sell,0.000794314381270815,-0.8963986610926238,-0.8132136409570976
dress,0.000794314381270815,4.524082446720411,4.2436196293485775
written,0.000794314381270815,-0.4028974170746819,-0.4246759052145557
because,0.000794314381270815,0.1959293659002784,0.20788542646230965
worry,0.000794314381270815,0.417590127367954,0.3617741619878918
wanted,0.0015886287625417254,-0.11288746725219326,-0.21473920300985982
damned,0.000794314381270815,-1.6141541430969284,-1.6559251514867732
smart,0.0023829431438126348,-1.3122988255723012,-1.156880615643216
smiling,0.000794314381270815,1.005911782463294,0.930010680339452
finished,0.000794314381270815,-0.12544720810965831,-0.09167145292977272
stone,0.000794314381270815,-0.05129619003851976,0.10610549279479879
alfred,0.000794314381270815,0.3354228628039796,0.24397102872771534
unlikely,0.000794314381270815,0.22096218428603417,0.6363816091265942
waited,0.000794314381270815,-0.6216230322973143,-0.9655586932702425
foul,0.000794314381270815,-1.5626139031524466,-1.7245198978304273
reaching,0.000794314381270815,0.940335037219503,0.671811932065369
cowed,0.0007107023411370451,-0.45150896832487053,-0.8961870191964421
becoming,0.000794314381270815,1.0529847832744264,0.7155750835519532
result,0.0015886287625417254,0.17628698519797295,-0.06547717153140993
paint,0.0015886287625417254,0.8683670097386795,0.488713229462577
sounds,0.000794314381270815,0.7912963580390782,0.925821756017374
opens,0.000794314381270815,1.234173687069023,0.5939089165789422
gets,0.000794314381270815,-0.8881343220422458,-0.9847723937900495
sarah,0.0015886287625417254,2.2933294694923254,2.3010294306965653
cases,0.000794314381270815,1.5712613886807825,1.2950094904003173
south,0.000794314381270815,-0.206317125678326,-0.11512478319464023
mistakes,0.000794314381270815,-2.180739313223007,-1.5577295411633556
alphabet,0.000794314381270815,0.5630317985100917,0.19500606718160435
running,0.000794314381270815,-0.687299403063266,-0.6129485687254721
annoying,0.000794314381270815,0.8176717167653893,1.0062939052773991
somebody,0.000794314381270815,-0.805578603717701,-0.30287931995688033
anyway,0.000794314381270815,0.1439150932227499,0.44267051558383275
yellow,0.000794314381270815,1.5382206026213465,1.0773363864334193
satisfy,0.0015886287625417254,0.05889222536043337,-0.19533412470546016
goin,0.000794314381270815,-1.4382725321780985,-1.498975626132816
biggest,0.000794314381270815,-0.5611084440736784,0.05211659458269406
example,0.000794314381270815,0.09581662617328773,0.02631950758876959
trying,0.000794314381270815,0.14294623205891047,0.48157829704827215
figure,0.000794314381270815,0.4948870898284368,0.720537632662446
fairly,0.000794314381270815,0.1556666168074563,0.07699731847657507
army,0.000794314381270815,-1.6250487739078778,-0.999780785253652
drill,0.000794314381270815,-1.3999707938172283,-1.2470944415562397
obvious,0.000794314381270815,-0.09147220222940004,-0.3401957053207986
brakes,0.000794314381270815,-0.9282484638863279,-0.6067008773551711
move,0.000794314381270815,-0.28764964347434524,-0.5488352348491479
guard,0.0015886287625417254,-0.9107859600336156,-0.28723833828917716
unlucky,0.000794314381270815,-0.5829112045185811,-1.223176821465275
beef,0.000794314381270815,0.1172173744207002,0.12070121560137899
partly,0.0015886287625417254,0.5519376946755672,0.3485604886313884
aggravating,0.00041806020066884996,0.1688183886095814,0.36951206809615555
claim,0.000794314381270815,-0.3483264536964602,-0.06592831313004723
seventeen,0.000794314381270815,0.6429705285711453,0.7252832429984486
chosen,0.000794314381270815,-0.734076844995727,-1.1215444925358626
picture,0.000794314381270815,0.454794304374545,0.33607239839943803
both,0.000794314381270815,0.4820728974483135,0.7007736114843952
remembered,0.000794314381270815,0.7113375750720771,0.28733817416102636
meeting,0.000794314381270815,0.6778899946927445,0.7175852357096263
answers,0.000794314381270815,0.028548491486312368,-0.20294881030294945
staff,0.000794314381270815,0.22399994715138294,0.2635283877062176
bill,0.000794314381270815,-1.442890969692926,-0.9435538655275609
final,0.000794314381270815,-0.6219036751752711,-0.7449502154973511
instructor,0.000794314381270815,1.1461174791514874,1.3640887481017436
acted,0.000794314381270815,-0.90435094756354,-1.0751988895356337
campbell,0.0023829431438126348,-0.7863432091132352,-0.04911634193322689
smith,0.0031772575250835445,-0.13381769422844988,0.19512193262781724
problem,0.000794314381270815,0.25774405037973136,0.025310562820792516
ghost,0.000794314381270815,-1.1798928375006068,-1.2016750658635138
police,0.000794314381270815,0.035958532591740124,0.7584400487292561
lighting,0.0015886287625417254,1.2353026452340392,0.783664036494377
summer,0.0015886287625417254,1.0982880153035608,0.8498210718520299
whenever,0.000794314381270815,1.0457298032890407,1.0723051845042566
companies,0.000794314381270815,-0.0011742953529694732,0.48439428564841513
joke,0.000794314381270815,-0.9961715062142533,-1.0373238483365057
kinds,0.000794314381270815,0.4481788191215731,0.1778432694433733
thrill,0.000794314381270815,-0.6704988340724345,-0.7757143814220985
Mann,0.000794314381270815,-0.6739009257604194,-0.6863201059268152
riding,0.000794314381270815,-1.0788674977147608,-0.9525283344516344
begun,0.000794314381270815,0.6672244518106906,-0.06824920917787707
ants,0.000794314381270815,-0.32646894786662084,-0.46484997196201405
comic,0.000794314381270815,0.28068701940255447,0.5171782035995189
anyone,0.0015886287625417254,-0.014184568071129968,0.17698087667074464
casualties,0.0015886287625417254,-2.236664308792448,-1.9880727912241856
peace,0.000794314381270815,-0.5852385039734092,-0.31605308081252914
taxes,0.000794314381270815,-0.5745445794335802,-0.4144401808611242
hush,0.000794314381270815,0.6510266504552532,0.6407236848085723
cars,0.000794314381270815,-0.25437315747945594,0.07127259294904692
smoke,0.000794314381270815,-0.23384238735429438,-0.19116113784055136
local,0.000794314381270815,-0.1826499769431072,-0.31212627575648544
officers,0.000794314381270815,-0.5090738564034127,0.23154698533427903
plenty,0.000794314381270815,-0.819458189041551,-1.153227398476553
guy,0.000794314381270815,-1.9417665969441156,-1.4581697014634636
level,0.000794314381270815,0.3339910710748189,0.2910986501635468
lot,0.000794314381270815,-0.7152835411438134,-0.7687682429075826
grandma,0.005560200668896277,1.5587486538039073,1.3985014346920965
anywhere,0.000794314381270815,0.32056437806363,0.27070890989307317
random,0.0015886287625417254,1.0966665472851038,0.9573068685723453
incredibly,0.000794314381270815,-0.04230624428947356,-0.33304809214436776
parting,0.000794314381270815,0.04836241692050688,0.010116284542144499
meaningless,0.000794314381270815,0.23047811822454828,0.2005738228470201
bet,0.000794314381270815,-1.5620656759910576,-1.278739923065857
virtuous,0.0007525083612039301,0.44208268121852595,0.06372999279826728
promoted,0.000794314381270815,-0.32768759671518716,-0.72909134673067
williams,0.000794314381270815,0.4080151816294041,0.8424829441225681
essentially,0.000794314381270815,-0.7547193796038664,-0.5743781524846645
powerful,0.0015886287625417254,-1.7233165591383908,-1.617164644739597
cook,0.000794314381270815,0.42317126923774107,0.029079223930271174
cake,0.000794314381270815,0.9505984584077536,0.5795267375619206
dave,0.004765886287625363,-0.7228337957484141,-0.5210942814893051
weird,0.0015886287625417254,0.18122905067257095,0.3160509004921058
definitely,0.000794314381270815,0.5481982006223368,0.40363908162288925
coffee,0.000794314381270815,0.2005105458947265,-0.0902812847483631
tips,0.000794314381270815,0.9856220036297121,0.651856081476166
incident,0.000794314381270815,-0.8395444800106426,-0.3859562712049755
apartment,0.000794314381270815,2.0975652051973634,1.9263348361513395
reaches,0.000794314381270815,-0.07261013770615504,-0.5834818961972796
protect,0.0015886287625417254,1.1099709260473878,0.8372630033001298
wing,0.000794314381270815,-0.5888650247586488,-0.6880983029313064
stroke,0.000794314381270815,1.7665615377143138,1.4790786182891078
commodities,0.000794314381270815,-0.3543624822962352,-0.7955080463192651
hitchcock,0.000794314381270815,-0.07046577198455714,-0.0173440992791535
hey,0.000794314381270815,-1.0489861199225992,-0.4827188654245462
named,0.0015886287625417254,-0.6448841286956735,-0.43739977427648513
swings,0.000794314381270815,-0.4174738570260428,-0.7856210554394447
beer,0.000794314381270815,-0.9633009773479901,-0.8735578723621478
tongues,0.000794314381270815,-0.15819944867510186,-0.4764474532665875
spiritual,0.000794314381270815,-0.6511507675864037,-0.6981135682925912
tore,0.000794314381270815,-0.3697201803812554,-0.7624764806194659
main,0.000794314381270815,-0.2655181286464799,-0.12114734785257601
sunlight,0.0015886287625417254,1.9064780891594715,1.7254712977599655
maybe,0.0015886287625417254,0.17016740092871324,0.3470679338109467
wheeled,0.000794314381270815,0.25320424321779567,-0.024194084012328476
daddy,0.000794314381270815,0.1814367709034075,0.16310106333492197
solve,0.000794314381270815,0.11011962063232042,0.2762029047825184
ambrosio,0.00033444816053508,-0.2174562982215909,0.01355256500468215
divorce,0.000794314381270815,2.863811500160223,2.7221441471895296
legal,0.000794314381270815,0.6874234157355714,0.7768833973667353
standard,0.000794314381270815,-0.399934688726595,-0.6373437353773876
shotgun,0.000794314381270815,-2.635519854764387,-2.162085577421987
gerald,0.000794314381270815,-0.4908987452882032,-0.17969972780716872
perceptive,0.000794314381270815,-0.48749185424231056,-1.2062467626442779
lifetime,0.000794314381270815,0.00907444748626302,-0.2632564555661829
replacing,0.000794314381270815,-1.2248756458420782,-1.4520216739805958
causes,0.000794314381270815,0.014609905661916361,-0.4062885442617584
demanding,0.000794314381270815,-0.19462857721560647,-0.5613578593471072
veterans,0.000794314381270815,-1.0340815129052254,-1.07740644927158
including,0.000794314381270815,-0.6863074397108428,-1.1204933191605553
sap,0.000794314381270815,-0.03923704366670077,-0.6805229868929159
negative,0.000794314381270815,-0.040391949714571926,-0.08090487306427194
laughs,0.000794314381270815,-0.9661168358452603,-1.5160956013495546
loudly,0.000794314381270815,-1.1764582964344126,-1.2368938814088648
experts,0.000794314381270815,1.135916223956713,1.3731613464697332
searched,0.000794314381270815,-0.21626073236014426,-0.5426814923729861
alternative,0.000794314381270815,-0.2810568913241752,-0.4181103592570202
chuckled,0.000794314381270815,-0.9463439880836484,-1.3947871777142047
connect,0.000794314381270815,0.6618534744593628,0.45263018249166126
x,0.0015886287625417254,0.6465486231729201,0.5845616124230734
roy,0.000794314381270815,-1.622686721702015,-1.3719397758963785
barnes,0.0015886287625417254,-0.9396637586247572,-0.7106265970922475
packs,0.000794314381270815,-0.2947410342661637,-0.045720494829532624
closer,0.000794314381270815,0.036334626938326973,0.33029138545787545
complained,0.000794314381270815,0.7973711165230887,0.6448734011307533
paralyzed,0.000794314381270815,0.08410553287647866,-0.17187604967428297
insurance,0.000794314381270815,0.7785538565490205,0.7769550144554982
bicycle,0.0015886287625417254,0.21828328180854265,0.5305997453669413
movies,0.000794314381270815,-0.6287563004243831,-0.584279200532459
ext,0.0015886287625417254,-1.3117756744859503,-1.4251334784318088
funds,0.000794314381270815,-0.2762154009475265,0.11555259172460666
snorted,0.000794314381270815,-0.5874092542947237,-1.0815155951834317
na,0.0015886287625417254,-1.5219165425387016,-1.0126872353047398
tend,0.000794314381270815,0.14289204974903363,-0.0462362271793937
suspiciously,0.000794314381270815,0.14680893257105385,0.10935986281314902
estate,0.000794314381270815,0.3729689806746318,0.5917634963288306
eventually,0.000794314381270815,-0.3970167664546593,-0.07721239213780667
malnutrition,0.000794314381270815,0.3817480046959808,-0.05642047640980426
gon,0.0015886287625417254,-1.8560036727563554,-1.631497098819851
menace,0.000794314381270815,-0.9934118020273107,-1.268247302785794
plastic,0.000794314381270815,0.8552600641906082,0.47406040842086733
ed,0.000794314381270815,-0.6311027699115248,-0.6370923777511097
sensed,0.000794314381270815,0.23452998809810724,0.040529807436504306
swallow,0.000794314381270815,-0.4353198889942174,-0.9148124395767618
wars,0.000794314381270815,-1.4841220921597442,-0.9499848425283217
robbie,0.000794314381270815,-0.6502130775520366,-0.7658348834629001
yeah,0.0015886287625417254,-0.4653487966343726,-0.15992784186334966
lumps,0.000794314381270815,1.0472208929494846,0.8387416556049416
okay,0.0023829431438126348,0.7324764490094885,0.8929616709314514
pointless,0.000794314381270815,-0.4694135405419243,-0.5151694973191139
promoting,0.000794314381270815,-0.024522968442940014,-0.03925383876255693
ya,0.000794314381270815,-0.029572630537405005,0.2411163213110771
bo,0.0031772575250835445,-0.5994066781283913,-0.786839092860969
bathroom,0.000794314381270815,3.341541542232881,3.173144122997602
kids,0.000794314381270815,1.019502278161186,0.8131693780559391
gape,0.00033444816053508,0.16684745038917695,0.29796238235736644
yells,0.000794314381270815,-1.5961686270660767,-2.2747025578630753
ta,0.000794314381270815,-0.7356641382461104,-0.0259547971867998
review,0.0015886287625417254,0.5143354836509177,0.4368581030920102
complaint,0.000794314381270815,0.9188709680343955,1.0680129576013973
blazing,0.000794314381270815,-0.7829318593572002,-1.3268593219194877
guys,0.0015886287625417254,-2.199509657856609,-1.6572645513771114
follower,0.000794314381270815,-0.6509340428729619,-1.4234227221659377
underbrush,0.000794314381270815,0.07180666368923652,-0.028846082012235996
punish,0.000794314381270815,-1.1242733069443178,-1.5895586709046523
respectively,0.000794314381270815,-0.5636434582262828,-1.0759488082297124
bead,0.000794314381270815,0.9505211080157707,0.8542788877578433
bus,0.000794314381270815,0.4983944311140151,0.7163843465810957
punk,0.000794314381270815,-0.9624658843652437,-0.8914664692373935
angle,0.000794314381270815,-1.5681961198124774,-1.5141173628336941
slack,0.000794314381270815,-0.40236770288050944,-0.5360196085521802
wily,0.000794314381270815,-0.8216536767408396,-1.0564916076041801
limits,0.000794314381270815,-0.0025303473023871982,-0.26715387550044717
shit,0.000794314381270815,-1.9325081127520796,-1.500157289298142
Vietnam,0.0015886287625417254,-1.2095629139603885,-0.4656264386111292
tense,0.000794314381270815,-1.274696750974044,-1.4023914313139596
legalized,0.0007107023411370451,-0.38876101013921566,-0.5600769305716344
al,0.000794314381270815,-0.31742625445493144,-0.12799098179306886
anytime,0.000794314381270815,-0.563655569365295,-0.43390007520463136
manley,0.000794314381270815,-1.1232923755288897,-0.9163805706837687
fuck,0.0015886287625417254,-1.4616185840784142,-1.404190422542521
gin,0.000794314381270815,-0.13189807960174418,-0.5652368730150381
messing,0.000794314381270815,-0.590906214615841,-1.2805557049302856
sites,0.000794314381270815,0.19749914709283484,0.49458206571734814
robbed,0.000794314381270815,-1.4946503122134573,-1.7435881997842935
fuckin,0.0015886287625417254,-1.5941034118050548,-1.7004866878584697
flicks,0.000794314381270815,0.12276072796212936,-0.1752453229069538
laughin,0.00058528428093639,-0.4287644574210172,-1.0463170713758212
skittering,0.000794314381270815,-0.40757529398555314,-1.0760568846803684
grades,0.000794314381270815,1.2792133366607956,0.8493887629438241
split,0.000794314381270815,-0.6414265310315325,-0.8706465429399962
receptionist,0.000794314381270815,1.6008663480502254,1.9044244650218978
grabs,0.000794314381270815,-1.3082698109722717,-1.616418338830956
optimistic,0.000794314381270815,0.06700366276707784,0.12860806956658075
w,0.0015886287625417254,-0.024469297645459853,0.23616437686967373
doug,0.000794314381270815,-0.4637380706245473,-0.21577883428011146
ata,0.0007525083612039899,0.2811147976980296,0.3704552011556603
windust,0.0007525083612039899,0.2444103761996414,0.26886757425538205
naacp,0.0015050167224079506,-0.0748592037120393,-0.2118265231676705
needy,0.0015886287625417254,0.6544974871413548,0.10607283638670188
jahausa,0.0009197324414715253,-0.17279459377555392,0.23093982766069168
faber,0.0013377926421404005,0.38954856691290357,0.4063046409516248
senta,0.0011705685618728504,0.3689129840717105,0.5384993219509729
vaughtie,0.000543478260869505,1.7027540146048281,2.2561745610096695
whipped,0.000794314381270815,-0.24966513811712074,-0.40884926324768245
antonia,0.000459866220735735,0.07456927334371297,0.032663778732725045
thrills,0.000794314381270815,-0.05814331379075506,-0.277864840619284
subjective,0.000794314381270815,0.04176953721583532,-0.15352474604990457
realm,0.000794314381270815,0.49282428327963135,0.3916048113346715
musician,0.000794314381270815,-0.2290055276442938,-0.2501708831990796
stiffen,0.000794314381270815,-0.05258629090874596,-0.5307331586240305
troi,0.000543478260869505,-0.3990134392844703,-0.34989859861234857
viewer,0.000794314381270815,0.6723843482899501,1.0632044366352633
slumps,0.000794314381270815,-0.2911010896574723,-1.0289115886240288
drips,0.000794314381270815,0.2684078023611839,-0.46644130838279363
eventful,0.00016722408026754,-0.055091948976317605,-0.06219405540652791
cadets,0.000794314381270815,0.16970326590918355,0.7395653493352631
jennifer,0.000794314381270815,1.6402377303827045,1.7116737501693648
shiner,0.000459866220735735,0.23500257099860566,0.1901360335583592
january,0.000794314381270815,-0.3368017328113675,-0.2215944796075054
formation,0.000794314381270815,-0.568653238370807,-0.4019129942703857
plywood,0.000794314381270815,0.6632558257950935,0.3522503043076728
debris,0.000794314381270815,-0.8995358156645284,-0.9082772313419076
emptying,0.000794314381270815,0.5756536218474191,0.2971174386358785
investments,0.000794314381270815,-0.5141304231566153,-0.016362656166547734
protagonist,0.0007525083612039301,-0.47980035239975855,-0.682261916655942
hawkeye,0.000125418060200655,-0.05887271400070811,-0.11740178977509415
marching,0.000794314381270815,-1.2740288536743787,-1.6190789507614625
explains,0.000794314381270815,0.3502821546681324,-0.08716879235145122
earphones,0.000794314381270815,-0.3522913335615442,-0.6171238004780214
forceps,0.00041806020066884996,0.11777096918473531,-0.172577793546576
doctorate,0.000794314381270815,0.33710010359838505,0.3649456419571726
campbellno,0.000459866220735735,0.043277555656501605,0.012856128844673808
clicks,0.000794314381270815,0.130391718311332,-0.20653607822265102
recorder,0.000794314381270815,-0.4120620213631926,-0.48944581170935286
hereby,0.00058528428093639,-0.4295615085330997,-0.8104717084165334
ingredient,0.000794314381270815,0.5886231477714512,0.19350823433648642
disposable,0.000794314381270815,0.8285483516807712,0.5470109123813562
cultivate,0.000794314381270815,0.07718612828755109,-0.44237769854511183
campbellhe,0.000459866220735735,-0.28553292457973534,-0.41334591246120383
uphold,0.000794314381270815,-0.321213095546344,-0.8011406482199759
upheld,0.000794314381270815,0.016219841800034763,-0.030754079608120932
z,0.000794314381270815,-0.2961667473479327,-0.5032155013693549
pee,0.000794314381270815,-0.4349105084245387,-0.937765104023442
auxiliary,0.000794314381270815,0.06295344105733686,-0.38652685419540234
patrols,0.000794314381270815,-1.087159710711386,-0.9845062795261532
unpaid,0.000794314381270815,0.09195977113530503,-0.15472083063209607
fronting,0.000543478260869505,-0.21979463210053649,-0.5260267862235349
stamps,0.000794314381270815,0.14685940217825896,-0.24775229326627207
sal,0.000794314381270815,-0.0004994926302754526,0.1890437402970544
snatches,0.000794314381270815,-0.19719015174195614,-0.2800413951225503
stuffs,0.0007525083612039301,-0.506807075122431,-1.2045279487919682
erroneous,0.000794314381270815,-0.2475047592626211,-0.17562907518455823
premise,0.000794314381270815,-0.501641467109741,-0.5849717473266292
consumers,0.000794314381270815,0.075609636713555,0.3240186329692105
columnist,0.000794314381270815,-0.8951424565337011,-0.7272418998452979
characterizes,0.000794314381270815,0.05100868480984734,-0.17511481656964328
whatizit,0.000459866220735735,-0.15183681478185662,-0.3041317337166893
avalanche,0.000794314381270815,-0.40245332665378336,-0.25574268017580054
olympics,0.000794314381270815,-0.5507139200639728,0.16771988812102495
eclipse,0.000794314381270815,0.24179768334327165,0.33437752697471596
gobbler,0.0007525083612039301,-0.7761270605776566,-0.3056961131628624
pathos,0.00020903010033442498,-0.04753103597968229,-0.24835774063799926
undecided,0.0015050167224079506,-0.6503809463025745,-0.6790903961342389
ftc,0.00066889632107016,-0.2782096592330791,-0.10778780021566121
hockney,0.00016722408026754,0.15001447818300606,0.08723197298505544
bernzy,0.000292642140468195,-0.24302354882298954,0.316862499978806
bernzywho,0.000292642140468195,-0.5256722970631692,-0.6483654279957035
spoleto,0.000292642140468195,-0.33412487244955036,-0.18517461229985183
hedy,0.000459866220735735,0.646869150306574,0.8610151350557759
mastrapas,0.00041806020066884996,0.7053296292132222,0.9744087450270629
calisthenics,0.00037625418060196504,-0.017028504991106187,-0.21110656923642254
weirdness,0.00025083612040131,0.08439974263355807,0.21820184027821443
rebating,0.00033444816053508,-0.1698617015272171,-0.30648942792094214
maniacally,0.00016722408026754,-0.03900820035884821,-0.1373241034259069
insolvency,0.000125418060200655,-0.010932964176413129,-0.10825597472715923
deferential,8.361204013377e-05,0.008850879893006468,0.0007519498484708454
