Sample_ID,Run,Year_1825,Year_1826,Year_1827,Year_1828,Year_1829,Year_1830,Year_1831,Year_1832,Year_1833,Year_1834,Year_1835,Year_1836,Year_1837,Year_1838,Year_1839,Year_1840,Year_1841,Year_1842,Year_1843,Year_1844,Year_1845,Year_1846,Year_1847,Year_1848,Year_1849,Year_1850,Year_1851,Year_1852,Year_1853,Year_1854,Year_1855,Year_1856,Year_1857,Year_1858,Year_1859,Year_1860,Year_1861,Year_1862,Year_1863,Year_1864,Year_1865,Year_1866,Year_1867,Year_1868,Year_1869,Year_1870,Year_1871,Year_1872,Year_1873,Year_1874,Year_1875,Year_1876,Year_1877,Year_1878,Year_1879,Year_1880,Year_1881,Year_1882,Year_1883,Year_1884,Year_1885,Year_1886,Year_1887,Year_1888,Year_1889,Year_1890,Year_1891,Year_1892,Year_1893,Year_1894,Year_1895,Year_1896,Year_1897,Year_1898,Year_1899,Year_1900,Year_1901,Year_1902,Year_1903,Year_1904,Year_1905,Year_1906,Year_1907,Year_1908,Year_1909,Year_1910,Year_1911,Year_1912,Year_1913,Year_1914,Year_1915,Year_1916,Year_1917,Year_1918,Year_1919,Year_1920,Year_1921,Year_1922,Year_1923,Year_1924,Year_1925,Year_1926,Year_1927,Year_1928,Year_1929,Year_1930,Year_1931,Year_1932,Year_1933,Year_1934,Year_1935,Year_1936,Year_1937,Year_1938,Year_1939,Year_1940,Year_1941,Year_1942,Year_1943,Year_1944,Year_1945,Year_1946,Year_1947,Year_1948,Year_1949,Year_1950,Year_1951,Year_1952,Year_1953,Year_1954,Year_1955,Year_1956,Year_1957,Year_1958,Year_1959,Year_1960,Year_1961,Year_1962,Year_1963,Year_1964,Year_1965,Year_1966,Year_1967,Year_1968,Year_1969,Year_1970,Year_1971,Year_1972,Year_1973,Year_1974,Year_1975,Year_1976,Year_1977,Year_1978,Year_1979,Year_1980,Year_1981,Year_1982,Year_1983,Year_1984,Year_1985,Year_1986,Year_1987,Year_1988,Year_1989,Year_1990,Year_1991,Year_1992,Year_1993,Year_1994,Year_1995,Year_1996,Year_1997,Year_1998,Year_1999,Year_2000,Year_2001,Year_2002,Year_2003,Year_2004,Year_2005
0,1,0.43300375048526873,0.6320348125962362,0.7115820726047593,0.39224446523313655,-0.11262464651808872,0.34973092725935984,0.7887874256060139,0.4681162146168541,0.8601451323473055,1.1325120967135507,1.6882871488688946,1.1746236299635142,0.9875544967463231,0.32429228361076745,0.9950166549932881,1.4602400998891925,0.6886693781872533,1.22246189554545,0.6830469715677062,0.14321880816836208,0.028421813662880328,1.4155103530147417,1.4577119252889503,1.4498636118261565,1.799067521421893,2.241608997804053,0.7226145989608825,1.591489514763713,0.5011166400793816,0.524875060894434,0.7020964750771581,0.40843727392780765,0.6235020116362132,0.6590113246281609,0.585573809750387,0.8160821349791427,1.4509498564797196,1.2394329446823147,1.5837881266574432,0.753786170535129,1.14500687038598,0.818325939353308,1.0580063571192506,1.0652712571350889,0.9987564104562053,0.6651765207010728,0.22813792986513173,1.071035154400695,1.127806694540643,1.4612007299277623,2.156737900668625,1.718986684844282,1.589390243670562,1.4713655258505294,0.9438452021796434,0.7105574453836706,-0.004036573361143357,0.9856585084467635,1.1819551649608901,0.21487365206878797,0.8122268021962827,1.27644127785195,0.43024053390960876,0.7305633014393275,0.168695568501736,0.31173287494235075,0.7336942355200772,1.251527925277853,1.0417391768133262,0.6308377708261264,1.1543166341984852,0.7470749824826741,0.7844871382007743,0.2464936253776698,0.9760682967721348,0.5650362135589279,1.1781769789605157,-0.5683200917981343,0.4220532393960449,0.6378937695635657,1.379943336802194,1.9276918852271334,1.604284204938145,1.6884279223775118,1.129637608303881,1.7033533765695317,1.7063202383734601,0.5880159658135082,0.544982427832654,0.7845288141568845,0.5155248464623684,0.4360753473989557,0.8902601451763505,1.1776820494256413,0.45130607767241876,0.41142026594170333,0.10300368583147661,-0.8343441418787366,-0.1964847768117919,-0.19423061207717668,0.15140866365500247,0.3065609763397106,1.0547740353474058,0.9970653154465061,1.0872156007739913,1.0578185123127626,-0.4448170595444127,0.11443603790451735,0.16013423934785176,-0.2029319227521093,0.0846455777275145,0.23575849818112996,0.668306255326992,0.8187178731197357,1.2148427649063411,1.6522022495037112,1.4198390005333843,1.0526911045363492,1.6086520364186478,0.9745197228473201,-0.0634517549786229,0.7102462551757711,0.43284320664952,0.7274378710920703,0.32787203950677585,0.7635020581791092,0.7188542074287835,0.6277293188396713,0.6174898044965135,0.37040447108890323,1.1436181186373022,0.35092679720142733,0.4823602017587707,-0.04040572933948644,0.08778289541139875,0.07313790193079037,0.9378533503212877,0.10718416522526393,-0.3087526144168216,-0.3505673104696132,-0.9413642548520657,0.22944415093862847,0.7583619557488791,0.11518105615088063,0.30646671712974166,0.997538855068743,-0.44953441611649053,1.0097497209684048,0.12404059595389878,-0.25742393030894684,0.22354540220488145,-0.008791152663702126,-0.7358704986319957,0.3048889269297066,0.5499486074096235,0.894956713455908,0.25063992393998097,-0.36318268197923476,-0.8217276524461775,0.3839381453449119,0.06798055523775845,-0.05748152765039525,0.07621275202806745,0.3753700221662012,0.3262585436613633,0.13571657915318386,0.41871230170425555,-1.0417260476234418,-0.7369321582900903,0.004566108001862592,0.31772694463144996,0.9063459267092934,1.2662421917125357,1.2671932108691806,0.46309936983198935,0.27008093192240545,0.9144605043788292,1.26129808829835,1.2227593763829967,1.565027572960064,1.4947778680272241
1,1,0.5160810654812662,0.5693278911344345,0.09984946185294705,0.28197585772195966,0.183312531833943,0.16779565713243294,1.032097534760638,0.5970613738136383,0.4817681108056926,0.7357116046725564,1.0423788361694648,0.8730142987678194,1.1293218431554695,1.149987849552562,0.7913262195135807,0.8166809681695063,0.4516711449771452,0.3673201934678308,0.5265310531776454,0.3700370333127342,0.7904808149439605,2.301480851251291,2.276551587626189,0.6342960177777927,1.3217697775470674,0.9494797090838,0.4195826225282571,-0.04784437047607193,0.22191826576087767,0.6265277542655555,1.0289646858400538,1.0179668742632964,0.41719375708398976,0.5161982457310206,0.6574531389183298,0.8852032362106985,1.3565603930796504,1.7995600484506515,1.7792603784812064,0.35099002802353174,0.3619575305526974,0.3545277824925642,1.1246861654929443,1.4643942456953976,1.6040541516074154,1.571532533321057,0.9899008039176074,0.9970174142191992,0.6022968609381113,1.6945449035474778,2.0810173759637567,2.404807363845033,1.3246885279654768,0.9047066398701831,0.5421792151474505,0.14757108891631568,0.8840437149758618,1.5599963312300849,1.018327627418269,0.43850570973283753,0.5450255644374983,0.8336127001158121,0.5710370286804217,-0.04201099378113025,0.4904152369367928,0.08881805367199937,0.996097958859509,0.6113028947486626,0.46746967043249427,0.6558115866015415,0.41132128981756294,0.12358620100692021,0.8410284483209299,1.1074884875812172,1.0302596896920708,0.050479242904427346,0.28683490237589804,0.2556724724648971,0.019776940196026365,0.5316754545632226,0.04101399001958894,0.7146767057441278,0.4455909604539312,0.7612630469194187,0.5504967680271656,-0.7262832894726967,-0.3701853020831227,0.22610696922370463,0.15222446339802342,-0.051975699703929824,0.8924024827437103,0.4196196000236351,0.2885659713308841,0.7891703258241464,0.22517215957071857,1.1496108300450965,0.388691650927102,0.6205421553943298,1.4464350041509733,0.6952024191956419,1.0856062877792256,1.6855124139108075,0.855794446527085,0.6518244248085061,2.018319695920262,1.7062899328161403,1.3668725452406214,1.748928212125109,1.9546244810647224,1.9678648291117111,1.0126532378442004,0.6169478619713378,1.2365928487228413,-0.1560631736514435,1.3043411511976628,0.5924149985027104,1.4092684382854972,1.4040860713528476,1.1794740928282188,0.4044247254260674,1.019896850383741,0.7846966678718506,-0.12533003293049452,-0.336086023887997,0.12811297852730913,-0.29239316223718,-0.03628039743751678,-0.20681672358276498,0.059527837382017994,-0.054406152950519794,-0.3481879076568213,-0.2745539272152393,0.051785047128282455,0.1851427790633326,0.04551833287351691,-0.6056679764881497,-1.1160705454976108,-0.6421073123398132,-1.3441382431995847,-0.040833534809847236,-0.2647211093580061,0.4598346269605288,0.037118623625622814,0.3324938134069674,1.1323799814386166,0.9546844419964965,1.334435062407952,1.3420060490398236,-0.42715799776853924,-0.3355640991976303,0.3524924872632144,0.10563809907452465,-1.109506630228585,-0.029324062034634307,-0.3030598505891893,0.4767899103772502,-0.05140026524486984,-0.4906346318978051,0.6403819545147402,-0.4407920828941974,-0.49226339139627506,-0.7614304137759568,-0.6782480178574873,-0.6701947483330284,-0.08340737395288335,-0.2932303739625854,-1.3464131556599737,-0.9263865265447404,-0.9926248227285708,-0.6974079884738303,-0.4389116150541048,-0.34260841164849865,0.17159998245682714,-0.060533514356227835,-2.157818955368428,-1.142981680269375,-0.26773267308030213,-0.3303452027143339,0.16440121061967566,0.3865406795418365,0.4648293818472385
2,1,0.39593307951041967,0.9152761796842925,0.7024059717004335,0.6470283650300437,0.57071631765066,0.16887929690251108,0.09631088298235894,0.3379578790656776,0.13283093511986613,-0.15866626871855163,0.7078960215798857,0.8767698180517157,0.6556746403280441,0.3767828886451483,1.3577140356726116,1.3788144874210189,0.6813188786900569,0.8427676609728478,0.23233354718175814,0.6683427169387084,1.081845081203489,1.4970168738771699,1.4515406273043356,1.270978699905886,1.7564905518361245,1.7568219320617677,0.9335253160415995,1.1829733351995044,0.6354155235087615,1.2939632634987799,0.4296092828039478,1.1617795558629658,1.1991292071950106,1.484833077547736,1.2657008767528233,1.3889686642847847,1.0987256806744692,1.2949272317776865,1.134402393540163,0.5259755431149095,0.7611491986891411,0.2891531763402645,1.245754525026138,1.5087005800661077,1.0618831605406542,1.282346990211586,1.5451592119566695,1.346830318011797,1.2361736646822532,1.2693479264628025,2.1623303698575516,1.1337161197725136,1.6774854804276706,1.2070025494320062,0.20409114067665074,0.48610379753457006,0.511692210144072,0.7137051883458447,0.9326084842511324,1.1383299412929457,0.896113299641065,1.038453833049445,1.4145256863920372,0.6624842488623267,0.35633792521889956,-0.051519036128065326,-0.17533617465824078,0.8999082380078886,0.8409218986669702,0.0720412991284473,1.096657742430783,0.8759299486636101,1.476816357251079,0.8886349443207922,0.6959711680612364,0.4012287785005026,-0.031633910284835656,-0.10141474189772673,-0.10923004092476961,0.30604843877069793,0.4052923322441039,0.660977074032948,0.9403974912673384,1.7508364891635524,1.4907759597116512,0.7509295880032774,1.1275661482782064,1.3625466704461129,1.070396647366628,1.8828205673432925,1.6051255850278812,0.7267679433882441,0.4411876874850852,0.11990764065263086,1.2012145466621236,0.8011767718053724,1.0213059103248154,0.8220050821246419,1.168337580380385,0.788640127096397,-0.11327446637628413,0.9239943701788002,0.09890632624146363,0.6707409046112821,0.5802314149302908,0.31181987253394383,0.5773013921335026,0.7199024846515095,1.1207749470271327,0.4759359310708296,1.3505190154022095,0.9122237721323662,1.2624786995728798,0.9304862726458983,1.1186349587964517,1.2644058347523905,1.541364707186319,1.14822014565037,0.9221897326451219,0.8097051665911086,0.1611642827406042,0.29085799785636113,0.626356104506499,0.4695029822154178,0.7931800428205683,0.8476887537768776,1.6315957610830474,0.9686917020223934,0.5046886448165009,0.5857042633208818,1.273214570051345,0.41316645487484666,0.5861164817772657,0.17438388731330876,-0.37024775291340606,0.46927963004548695,0.4488211328162023,-0.6469701205330405,-0.23912223692861684,0.5394195338675076,-0.341389013029651,-0.5894560390319991,0.7356360443894336,0.7543465140802503,1.0119017544151578,1.8009197299198314,1.1640167940663575,1.4133516402928923,1.2400793648968433,0.9656449006052625,0.11664353544291449,-0.2462064325367593,-0.5862190867156498,-0.2196789283623115,-1.1828041061566135,0.3510243901174919,-0.6242672290440623,-0.5413748226636467,-0.5095567333090081,-0.6807100103797759,0.12427201640536817,0.13870727541844033,-0.4541369248361477,0.006205146718927518,-0.46919958869306205,-0.2182183278145063,-0.9880033051615663,-0.9174174393210761,-0.37520036692177056,-0.026257067546033977,0.37485772702832876,0.11368318392697632,-0.055982948624424815,-0.12143136437991559,-0.8642592848577751,-0.9466603533777067,0.037946665201818656,0.4847789442772228,0.549664696466508,1.2053594649923642,0.8561066988209567
3,1,0.20897368862088175,0.26895161923974414,0.04309492451481415,-0.07319590015735733,-0.19017711291633735,0.4295967658171423,0.5840518534833274,0.6618564026040119,0.20744948027325333,0.4892135553472588,0.70721077578833,0.923813246148376,0.75784154378027,0.8581595621056131,1.4778545386550648,1.5634415467511023,1.69032920052097,0.44424763481948504,1.071349421732787,1.100907132901968,1.438266931254758,2.343604608663618,1.382451934478463,1.1208406634053523,1.6917819085841703,1.5204555900519077,0.7725538692771672,1.0135984554874162,1.1728975313819383,1.1705355411269451,0.756707802116035,-0.23158435078678558,0.8861765447999188,0.8892152035855267,0.9285679121746292,1.2043445245872728,1.4532870599640562,1.4814901757203225,1.2053721687059646,0.8389956169665552,0.9507061192631133,0.6982136483214045,0.36761898636756385,0.21849191451132377,0.757822521147126,0.5472481817912443,1.205905685344971,0.4332456796311929,1.3387781370229141,1.308334007256177,1.2614196668623965,1.3510059640451277,1.637605200298338,1.4593335265741096,1.1772183232837168,1.720504766909342,1.1139288933542606,1.9303750324251379,1.5101479078894908,0.660888316143787,0.40289855904256383,0.8333199520542642,0.46947065632462404,0.6296879004427649,0.16261276045852197,0.5828755699099984,0.4405918874230096,0.6704158265641894,0.12785852630171535,0.18782177140357578,0.6307629409543373,1.0002365060535279,0.7348119748739248,1.1235123535665466,-0.03202234704093963,0.40854994512696674,-0.05043382047378658,0.41836663897062404,-0.03109411235713064,1.0784413193583198,0.540678676896373,1.1075034008298432,1.0091130512946118,0.8361855415640956,0.506119306558133,0.6791123787329254,0.16252744199630706,0.38505185892241056,0.4784776747816208,0.5358187892478662,1.1288287921261144,0.7090245750241169,0.4169260381033367,-0.5617656818537016,0.269775857893665,-0.7848540762268605,-1.232570260169875,-1.1445820244640466,-1.1963932593962554,-0.5461105161446617,0.5382339142879901,-0.35598695497154437,0.30085895037083016,1.218664385122219,0.802630680510752,0.4576802715007211,-0.013022841420077874,1.1264406705391625,1.0040067153681855,0.9451984327851584,0.8749585849476432,1.3843497015709025,1.5802079990133184,1.5117243841949135,1.1632366854482545,1.2894716460507898,1.004716685965301,0.9053800822687887,1.2585052388750049,1.0366194658877614,1.2787014436391362,1.8354747119415968,1.1504168007018651,0.4948982339649336,0.09696457425089923,0.042963463890110146,-0.10536415551668117,-0.3514820444921984,0.6796527024088044,0.5511084077089846,1.3001616018388733,0.8250240536837032,0.7651733794720891,0.007843145824647603,0.44618514350186106,0.9018724364150403,0.10155469073241596,0.8232347507574423,0.808848759530988,0.8807771402922565,-0.3272438516131685,-0.2535199730163868,-0.31822035897629986,0.12634703390805316,0.6725750497131827,-0.2053940260502113,0.4986971660565304,0.9260130011927518,-0.8283721868310352,0.7556265788986517,0.6091571702187373,0.26896617213190843,0.2448115150124175,-0.2613213330159041,0.19466718923852153,-0.0034013030498475753,-0.6672756045726045,-0.9809442466207505,-1.087130015408467,-0.4516690737369295,0.3353998951455249,0.3467305679329898,0.8583999851492232,1.0298544573066415,0.22776977452623587,0.3145185369457466,0.17984879220543337,-0.4483182488052688,-0.08102758094790959,0.03191983880058647,-0.5365214212059829,-0.6805355741201013,-0.2335084971314545,0.03182849616072745,-0.6485568519224929,-0.4842486802261756,-0.3836584936545363,-0.29427153798874006,0.4931266759535038,0.4308225091386713,-0.030524773329425298
4,1,-0.05700812589562184,0.3137475392904378,0.48090537573141173,0.8414689915062861,-0.020055013180703574,0.4066426431856603,0.8429755411077505,0.6346665488503683,-0.0872038324620626,0.9148637113058109,0.09752549527135541,0.2191530079968481,0.7740202881509376,0.5713478496986091,1.2043714928663762,1.431686451683542,1.126602145478917,0.32053060626580276,0.9297717114846072,-0.05153044327918298,-0.4043729887101902,0.8816401293322994,0.6591322604482401,0.5780361654394569,1.5768343483616696,1.8787015046365378,1.83506007538325,0.9180478079613553,1.118470174422553,0.8788963203858637,0.6098630854297206,1.0045364232428136,1.2977051409552849,0.9918289635938337,0.5979542417815373,1.0642502713407507,1.1572688017550539,1.1045031586917509,0.96971203318927,0.7528315133754823,0.8086169253123375,0.7194505950919698,0.837240188178624,1.0513121676738317,1.2610146996063973,1.9369152220906947,1.2957925717515273,1.612105572304596,0.5451485840572123,1.022058597433234,1.1462116756102205,1.1364035116066842,0.9053986143715448,0.27238800529974877,0.8408116470169831,0.5009031903573727,-0.34808701393780195,0.4453133831564758,0.18538120285311777,0.1843763996039891,0.37521900431607813,0.9489387794367599,-0.06027784436777259,0.41016318290044984,0.22994791057401445,0.21228201056921214,0.32036157130272386,0.4904528362248753,0.7378474457401343,-0.0030882826091505992,0.5552118537716114,0.7496534349576526,0.14417231413777484,0.3107652741574822,0.1489459357188913,0.46013372236199207,0.4816943681856344,0.8600563453603239,0.6761791151721538,0.8776539427330614,-0.12888720469526363,1.2213691702323497,1.1989140254132167,2.1100257704194534,1.6959697151620448,2.023433995400053,0.7238916661790122,0.563024529489286,1.277310904459465,0.8587854850076554,0.8415098372132351,1.022257560388314,0.8683343510206465,0.4975317264111634,0.741401185199964,0.4941700224452176,1.1356476709205137,1.309297286425476,1.4870666573954503,0.9024494598111372,0.35754632006363324,1.839474914428485,1.8657617514470972,2.079737549495869,1.7909960055236795,1.5708358357776426,1.08946725176362,0.5286589203798804,-0.08360296470427218,0.1399760699463601,-0.47701905197159283,-0.20130496887876992,-0.24483501592191168,0.03953163672733893,0.32167466545332896,0.8603777094135354,0.956269753797793,1.5148069895805318,1.3270745891760583,1.936135228968347,1.036032119565602,1.1512033801336148,0.954853106470287,0.7832444633700109,0.02442484357675393,0.10837906847244053,0.5742356042939127,-0.20763834764180053,-0.2971665182437553,0.3675293647734749,0.7316994251078308,0.6449776071587805,1.0339967977487514,0.2780561946120582,0.38738112619592824,0.30652090126490544,0.582581504539385,0.9949489069933163,0.6679481383052548,0.9162169036767078,0.5041148506069207,0.32125156643104275,1.134896687157062,0.4477594069996778,0.3925219943249631,0.9629900274281987,-0.3218209941023447,1.1042809377960177,-0.24372270239689162,-0.7537174402307256,0.19055316264271552,0.051949681580952464,0.2423995029766593,0.49476944841783727,0.5358863894388585,1.2416213890536536,1.2923234692075327,-0.06059972392750665,0.2376065789566781,0.7753883695755244,0.5284637456293422,0.4677378207821493,0.480595957146619,0.2691258898342004,0.22460245378887464,-0.6691438240639369,-0.8627578952516958,-0.9997670612114201,-0.695109161186133,-0.09697611225188384,0.06674354431665198,-1.35346601059596,-0.2839477753201312,0.1914067537099402,-0.8393170559350068,-1.4115288156744783,1.1076342749155828,1.4848651190771767,0.7962782431383986,2.04391093311709,1.2388158253154347
5,1,0.01857675695690818,0.14969277114264956,-0.4416274917498616,0.004612940193147209,-0.0784533560984257,0.4689778589843886,0.920080844639122,0.7194458825160559,0.19629853286220422,0.8315900700388734,0.4343781596062306,1.053519769647527,0.7023075436355788,0.8552909528204357,1.1379519670668392,0.6330835095101847,0.15286212638616928,0.2741413815593459,0.2956807214096651,0.41453673689230797,0.8502680304712138,1.1208942110066202,2.023526374119765,1.9827432127192068,1.2194218965245287,0.893662699310402,1.007792151902557,0.8324307721072083,1.1614283499870497,1.696344739766425,1.469289167838805,1.4269580835719624,1.2148861254459236,1.1454050094782735,0.22840630175738877,0.937667018454549,1.2195241928916327,1.790125145864744,1.7834808862368252,0.8397233070779192,0.4961654873989566,0.619596762348869,1.4566207631788575,1.2374333008869132,1.0250198130912787,0.6220999279841806,0.9987842090480812,0.2010590867516916,0.8743317028978903,0.5738290706768434,0.42497192235106407,0.9666648030287427,0.9692581342487893,0.30876853387082576,0.31291267710355936,-0.1832075481075332,0.511795386792658,1.0860323699832606,1.382815101621095,1.0302038086809198,0.7326842213187353,0.8811608526552858,0.36179731576482616,0.19767887307490642,-0.5268379716473799,-1.138997719012051,0.21255323851018307,0.3783986079164514,0.44776659524838236,1.0883424453864956,0.5770032104731548,1.2604906416682007,1.267943282329522,0.3521840138258715,0.6693341805569417,-0.09678977519988469,0.7023100384571414,1.0579317339984515,-0.17615320266686876,0.08186377393964453,-0.14762152059664443,0.3818967317907559,0.4008986417307508,0.5065342777547227,1.0888084232079263,1.2798505219303942,0.5123140456155115,0.1310270309993914,1.1821839757411041,0.9204069982037489,0.6106635992413677,0.4211475806807745,0.616742545524047,0.5801915310704693,1.0719094038747645,1.4458916803421222,0.8282875852196965,0.9543099129589224,1.5047767968272872,0.20093496889001175,-0.0457646723808525,0.6058433862175154,0.16568407945105063,1.3111495663728556,0.8877576646655687,1.4713424981476297,0.4049049362285983,0.6343883858150731,1.1126125803888371,1.128639130553748,0.7599155189216136,0.8094722498945208,1.58594914975198,2.415677860075806,1.133045255115789,0.26315611532163496,1.2546423733395553,1.7346808157062792,1.14921251389359,0.05176905992596241,-0.1895214619425276,0.950968579895596,0.7712358219913357,0.08919730388749121,0.224965042529994,0.28088424084484265,0.9196084078187174,-0.495769771355612,-0.40241665939063287,0.2497227171515648,0.589570540405862,1.5260515613717152,0.6660313220604382,1.5897250547677768,0.2046789978238218,-0.2392060181536418,0.07078646495622178,-0.2562184944279026,-0.25285966772693513,0.6535315737474127,0.2286776892916466,-0.16755483705088525,0.43174138786571653,0.7178702229012264,0.5903844307863593,0.8904816701911432,0.9561902478776382,2.541843217872858,0.9429500304919326,1.3840347538822249,-0.11912174610089299,-0.13107960123390347,-1.753192850951236,-0.5136507525138485,-0.6060338110414175,-0.46176642687932457,-0.3014914932429759,-0.9140555102304855,-1.0333931441153243,-0.6702716610805282,-0.43533857871847953,0.17332386083125678,-0.35399153422316393,0.34348175347902565,0.27290195090410807,-0.6811522144454718,-1.341657190579043,-0.9240976888502591,-1.6140753864213009,-1.4012288841171612,-0.3187013085157331,0.009240219978008762,-0.37925638360459796,0.06517679500257782,-0.02988653368607383,0.41179270292117526,1.2559143884680664,1.6248604222261913,1.494646776881811,0.2668342076749531,1.5309313368033022
6,1,0.2593240334269023,-0.39275014410975895,-0.021545049008522076,0.09916167913235657,-0.3114381790419741,0.28489449156016644,0.4678576501237587,0.6691481636572757,0.33968341181590656,0.6084557203463052,0.11746561228648167,0.8084413834934511,0.44101032383941996,0.3534787572777072,0.9479603101791766,1.2280972519959141,0.5014700470274343,-0.042576717770693086,0.0019822329764601974,-0.5431031348977438,-0.6057459325533996,0.7328237168505197,1.268271198484597,1.2744214053936036,1.724407347031702,1.863134978114553,1.6722309775234858,1.371330493949997,1.0564634229841832,1.76510559123032,1.2085416271728384,1.1097447898043968,1.2814347546072933,0.9408820428555121,0.7840640526665701,1.0031344173933487,1.235265061290099,1.506282875541448,1.1948770002321394,0.37865860917077243,0.7225093037015787,0.47584610798151195,0.9795936892337296,0.5795711639526345,1.1918453292402753,0.791155232548819,0.5536610815926963,1.4309773361057867,0.9693437291814139,0.784863631384948,1.3658255533136325,1.4485008695448052,1.2380184101503688,1.4614088263171354,1.448462412302016,1.0167574095158811,0.09410385940789123,0.3094527228119593,1.0420325091816374,0.8698222468918863,0.5301960574606194,0.8948845706025911,0.16766546535461033,0.7404277728073614,0.6642729091268054,0.2777900616370526,0.8207339700074517,0.5372825153056229,0.5122592789617498,0.08544450009939834,1.5364722015133803,1.1768496603120167,0.6329756085261451,1.2735354037279518,0.6286735358466121,-0.6071501117647452,0.0003498386304536043,0.9673557399651025,0.04883762775515316,0.6361873537965315,0.31837494697912305,0.8650152668882375,1.3830649460268265,1.2734341427751594,0.2208937183337928,0.009533688535945165,0.6983981979721572,0.21822857382626504,1.408012516338497,1.278686480227333,0.9327675226228848,1.084716008055824,1.2417231830402125,-0.15764632163427317,0.25294123237928157,0.3034480100641659,0.33587556168831706,-0.4112640266445699,-0.2031525377486666,0.3206744045127057,0.995303391566962,1.0352567735822364,1.141577693930802,1.0311215499755433,1.7663262036192577,0.9728847428481473,0.9805980988092524,0.9322624428134536,1.3216446990737252,0.8768530156897416,1.160383950027438,0.5868437378487052,1.1468814480968121,1.4741489373252743,1.6925627040423035,1.624246961126211,1.9225852696802421,0.9193289417554457,1.5390668679467363,1.4464805821683948,1.2627861821301996,1.5620764956971547,0.8970718994683735,0.044000497892406426,-0.8502500227758952,-0.16896807400896705,-0.05272014383541455,-0.6541606459453962,0.4435463405878286,0.23499167623251482,1.1307728840692073,1.403645306929227,1.5656890916416946,1.2264469532027162,1.4498375285357188,0.657483998188042,0.894934824706289,0.5525580964219247,-0.3713825215147555,-0.15553290833724523,-0.9089010255899241,0.04604846273007412,-0.22184146219427328,0.2885877312061043,0.8918292827229058,0.10420524611353767,-0.23097473407289318,0.48853329234420345,-0.03579004022442314,0.26719587113465804,0.6052772879933791,0.8169225940931913,0.4479929919141083,0.5206122278828756,0.8615635143696266,0.8043199573707259,0.21103452804414224,0.12963931456396915,0.18518010791932726,-0.3548412545874411,0.11947710250865669,-0.2822255088045775,-0.5810889239732989,-0.28097474259294314,0.2638199039492227,-0.8281258621090756,-1.2317892150181795,-1.4717092310770759,-2.094858583362072,-1.2835622330380065,-1.1063491084180537,-0.38925768128783206,-0.3051349429702267,0.3406321805705919,0.4713214118509765,0.668067298224323,0.9482535481290081,0.7500825754581113,1.9864199138312488,0.6640807111571939,0.8083264507909425
7,1,0.40372602575510325,0.766908971613997,0.5618255932532845,-0.05236169656674648,0.3628248993128577,0.29907885289286656,0.7731538604776885,0.6963556470709863,-0.016954354106611835,0.3316537923726133,0.5627404210929283,0.8870983432595776,0.9864641961016498,0.4091303187566217,1.4254434190796677,1.0095692040608701,0.8045201665190359,-0.19530809759097328,0.9915999981715874,0.5164053932427889,0.5362336371843724,1.0842299485703522,1.253412465254552,1.441270254033485,1.789356165819817,1.793977376660731,1.003035510248897,0.8734948505755344,0.7697340807570794,1.7712348534778497,0.8309987090966661,1.6899519078788485,1.5175353091874848,0.9349441024033683,0.4450864727850172,1.1320889245592172,0.9891188161465083,1.669229062142772,1.0604678638070784,0.7160005906184385,0.9637062436593501,0.9914560903078361,0.7492969833769274,0.7732592459596395,0.903943102520579,1.3554384065195169,1.2787699613514407,1.2960662478556297,1.0890081166718877,1.4307284110020453,1.3943250806712189,1.283920970189029,1.3578316784567244,0.9436854095319058,1.2706263563896907,0.8283169801670351,1.3787026319718534,1.1088728466807882,0.9172832093264205,0.3796660767754181,0.09474477814828454,0.0812677222809806,0.028070454065618478,-0.33620029834887805,-0.23382717618917748,0.018939840792270953,-0.278322698750215,1.1925932917374331,0.6863900262689365,0.6684839950693747,1.7036320891094001,1.3786671440119322,1.3706379091096623,0.7655075575585479,0.6692549629506893,0.9194234474092715,0.06084227930468357,0.4820954850665987,-0.12672443361381858,0.2142316513904388,1.1177926702597087,1.2692600432540004,1.4597996075034485,1.4232875168730394,2.304443680878077,1.0682997168898785,0.7579601979502538,1.4886674070214947,0.7473536488013856,0.7563766138082806,0.759222823141142,0.2552087094207367,0.07128141082348699,0.4999322097566201,0.48242030699827493,0.6312859349129547,0.47580938279621615,1.24524679311036,1.121580556313058,0.8290050911383254,0.6616572071444845,1.3226427748957683,0.9771676979144978,1.2729951852061596,0.7628845454783663,0.1382343648020803,0.2488414637158117,0.06968839096573327,0.2592762786177743,0.817039030472667,0.8333010779092808,0.9217486428727302,1.2623536933790909,0.4598628507665465,0.72820550656641,0.2887994379349834,0.8346855539235847,0.41072174954817386,1.0497765704131266,0.269189205699495,0.8262548775597978,0.8178218573907579,0.922529443645364,1.0145784177423707,0.589805775982645,0.7301719076265252,0.0032496749397692586,-0.14316948106766858,-0.5991194494088404,-0.47550167873761795,0.29536073201084356,0.3665608880401062,0.33735602331864273,1.2223259881636321,0.5989130516992922,-0.21007410115173977,0.03996611474224215,0.5167763509320423,0.057646362592461094,0.4834972284543199,0.4626496251259873,0.21594002728602832,0.28224899638524903,0.17282600327531883,0.7791086190316199,1.304700272894406,1.431395537635634,2.2401206887579916,0.3143926850444442,0.30087662435171086,0.34859523922130853,-0.2634727936068505,-0.026275171042465375,-1.1453328496222008,-0.49951465546979296,0.30413908938341805,-1.0441834859610721,-1.3369585231181194,0.43404014076412545,0.8719277210378161,0.06304595599080362,0.06598044702626653,-0.15652219283399307,0.007250563760078921,-0.09911652703323098,0.31750750663399796,-0.6584342977963387,-0.8996124092441456,-0.7085464159038467,-0.3701319632566828,-0.338311062142321,-0.8943811332791176,-0.442704948718823,-0.6515818743147438,-1.4676483652536314,-0.695635225396546,0.38799182851947395,-0.3434923192568127,-0.4778072674675185,0.5415012883898124,0.494384818706969
8,1,0.07681838317051155,-0.024378705295958716,0.10582713369001472,-0.28694284702539774,0.4880319368372038,0.5582048348370499,1.0135191742749694,0.4211910898844472,0.3242657713280511,0.6004429864177648,0.06076066298678731,-0.03807032339134679,1.054564933803126,0.5155477779869645,0.7741608912463194,1.296136416448519,0.6258320796904159,0.3410088048334939,-0.17916126296433016,-0.33913510875818587,0.17690332201017178,1.6003917804942354,2.4138862524447697,1.6342190768362581,1.6690791296531502,0.8145386707657435,1.8748857297421408,1.5566682306378683,1.2512148606508244,1.469610082377114,1.1814440880763708,0.9921901640609285,1.4726274468449896,0.614529129492261,0.8680116242358362,0.8579740106558178,1.3480285952223032,1.6546396495754936,1.4546992662460494,1.2619699442600902,0.9244421946104994,0.7270278332774588,0.5813185969789512,1.7849574456320678,2.05152571020421,1.675835456079679,0.9693189238132632,1.3743384801711094,0.9902461347853405,1.457104584470576,1.5638031079573014,0.8605307087555832,0.8276430566578832,0.9066014332114264,0.741794987680959,1.1378836798800702,0.46584448826653074,0.8572694580943181,0.9176025645962812,1.2704156183372075,0.36409045298488646,1.0565371141975652,-0.13500015953494593,-0.5082680003831331,0.5628114762940158,0.5288601488182588,0.2982386507919207,0.9264700446420324,1.3383494793740178,1.150893921514835,1.316926844328444,1.4295101236627732,0.5042344485773005,0.5758155967227513,0.9308022642912704,-0.4081359509415659,0.7139063649968546,0.3294740253402348,1.0335138271696114,1.1062670440132625,1.3269438945320025,1.1770868592460464,1.3276054468826823,1.3203157170521675,0.38436923347507806,1.1279463264653538,0.7228027971748021,0.8259766188416923,1.0590913660744463,1.6200449032013657,1.250321593182332,0.652762277753084,0.597396657206534,0.9067282957944801,0.5070724257230621,0.22857222661510518,1.0026089939644127,0.5026330141328605,0.8241855035765084,0.1379413436536278,0.431213660619975,1.1245223103357709,0.5816795411704264,1.142819225657052,1.5057749048604214,1.5637064969527248,1.5268800333584147,1.1127545391334865,1.3315904913217025,0.6418947113915122,0.5201076538245263,0.35236222768651826,0.8391316761506858,0.6425182113949095,0.3859450059588206,0.2659505161106792,1.573664155156495,0.35366750688937904,0.27818678281877174,-0.009267762249308817,0.4193988034837517,0.811767507327091,1.0313592164259995,1.3912880292943806,1.0856527587744214,0.3137466018986989,0.33831225490370304,-0.4016817065645494,-0.7697393304071368,-0.08969677105371257,0.8954124921511866,0.7655693638791298,1.584209695523543,1.471652539256469,0.006866012839839788,0.5303024877035164,0.5446396154893176,1.019520326388058,-0.29454492270374744,-0.04861527049880819,-0.7345965643703548,0.3916190039334176,0.18120524852062128,0.19071893626355177,0.9439189981162662,0.6192364728402421,0.9239954856301876,0.668679201686835,-0.91164615082238,0.937464967931225,0.03773190890563156,0.030730917144716836,-0.06056018553173207,-0.1406313362305081,0.3368600751758396,-0.1413452052954471,0.4868419538243127,-0.09554004660304113,1.0868425265766488,-0.39327051588501527,-0.4010858495855872,-0.017388102293302194,-0.5460092910854597,0.05365873935441378,0.027478565650923877,-0.1688925030606938,-0.8784611936935015,-2.0042967606644098,-0.5939236819489832,-0.19153794334108912,-1.365798082142907,-1.0084891941905865,-0.49077866400946163,-0.3441430407522879,-0.32175840062968414,0.0028691296327987953,0.3558684655095013,0.5330752431326399,0.3463786199288902,0.07804330864333592,0.1072103550078679
9,1,-0.13599662898037815,0.0740579512882312,0.08616758781786175,-0.14395942544220802,-0.2894130013523847,0.1320904455160841,0.42189835487063226,0.814631586304733,0.16090468056776258,0.2952685653769765,-0.19248871804197956,0.4449956577693846,0.6088561585844521,0.6534795584867654,0.5731848461986515,0.9580860663437196,0.2568663792341145,-0.11332408247521476,0.8466619497575001,0.2617571416603049,0.21182512533881595,1.4640653538335109,1.2497431172263231,1.0658149986138605,1.519800933515774,1.2462000213870044,0.9970836538157521,1.3394455109979906,1.107836468106244,1.832602635838576,1.6352405205733391,2.14062461343585,1.7933505260886475,1.4155180783031627,1.2740673737347814,1.4714809152564976,0.5768153380669396,1.4882657598913696,1.0100639415376478,0.43713018254325553,0.8259138841037584,1.371421737110404,0.8568477379130373,0.9801919021027218,1.1550070554796872,1.040176827624288,1.214987592313035,1.389733147398632,1.0611371284376843,1.139499609973332,1.3703574933580165,0.8240373085163846,0.7158137151035402,1.4382320044497747,1.489905873946015,1.3082423513269479,1.6330409201256246,1.8257896315500923,1.0870772423869577,1.579477074108294,0.7016475824180651,0.8963717094020952,0.6394935431731025,0.6550747293779225,0.35200380574634343,-0.919489272360334,0.06992024437132525,0.26792310308332296,0.571363576423329,0.2444496739937222,1.2551925577258312,1.2862888373640755,0.8433971566266586,0.6740608869429954,0.5721570080869978,0.6001745942804333,0.09552949149072376,0.011459109795300756,0.5626977978180703,0.6063339198661336,0.4543023689870053,1.2831691364280544,1.7933579004587499,1.4234458498075295,1.3058570034291983,1.0347882047277366,1.7165658712565515,1.3597132346959344,1.9537441548547683,1.73714006888359,0.915342977990415,0.15129720072813815,0.2795371659477131,0.9088674824198978,1.1115241455036404,1.374665031113541,1.1079545080830198,1.0864893894124155,0.3053472381025351,0.41758127556836755,1.416368303436501,-0.7545154290914825,0.5200517891216319,1.000653347025041,1.5758035445966483,1.2063342050407102,1.2733989837560042,1.5317981150485562,1.3313485821043403,0.8986381717962487,0.8667530835082252,0.5647725722785614,0.20501629972386093,0.9724585162326368,1.1731151788531462,1.4705333730857215,1.5153312261386729,1.2970062373250404,1.5650187007749485,0.43399037206420804,0.6568640948466496,0.7626692420286483,0.3859657628841302,-0.16347919483176165,-0.20023529167916265,0.05347718862713244,0.4117445397932075,-0.2511476836953632,0.06100858077854295,0.0066507909953563765,-0.4040944680661705,0.8829101091098321,0.5154280969923222,-0.19016617939253466,-0.29309761215729035,0.38767373856197695,0.7688265180279257,-0.24602643681651057,0.4287908715452722,0.34171204218227247,0.04943037048886512,-0.4475520218654117,-0.7056006505965071,-0.2674848839744688,-0.1638279491416394,1.3932836507364417,0.31212859614743893,1.0889863947542915,0.24642209162822645,-0.23393699129830153,-0.0823834989246147,0.30945121396788705,-0.2445587555773639,-0.23834253284140172,0.6248852417827571,-0.2072724899957874,-0.0004396277962574746,-0.47832347526921704,-0.6613088336732855,0.1111053344359257,0.0821623373645642,1.4760561905197909,0.4551597185256987,0.5588160990980604,0.006083334936266366,-0.3375154096095824,-0.12534111984089202,-0.9462482008948171,-1.568301541864356,-0.5476754649976374,-0.01774162560205759,-0.9528503809142572,0.8297413525175485,0.9609739102208004,0.1804887733827219,-0.35743155023539463,-0.5437652320296432,0.3946467290727262,0.8290683916643962,1.3478095677856334,-1.0882156028340044
10,1,0.9618408618694712,0.4891593933123758,0.6991323490921647,0.5705341814927508,0.5849725599066435,0.027486738329238855,0.7239089876507061,0.5567670204471639,0.018521640317706613,0.3687923346453051,0.17005999071777975,0.8494336520920864,0.6906907403144109,1.506032912336701,1.4058765111743485,2.038426485771988,0.6522973820891692,0.640517359065518,1.2317522074514273,0.9291720875252124,0.45907197423987084,0.43463353843215763,1.4987213554662993,0.7802049730564566,1.0246110777788109,1.7030820708291254,0.4414096651156822,0.8270004011925618,0.3210156937215544,1.2070969914124956,0.7750942651482479,0.9421907505513107,0.7678112605352075,1.2519228988491193,0.8481627194150103,1.634635927193974,1.0885768903490585,1.7549983240730607,0.7270886237545028,0.8589374288658801,0.3124084945163896,0.6831269728808307,0.9028356796858932,0.3192686133616977,1.192872824731122,0.8280265063410776,0.25876632165172603,0.3820799598011546,0.8567776944285789,1.23201302245277,1.5886999101760695,1.4545413846809698,1.095233613576855,0.8761638713340149,0.8100220299539237,0.06296613541965977,0.05806984461932108,1.1702285952708213,1.3827895101886447,1.01592653457058,1.210188707739018,1.1480614701604612,0.5658500620058045,0.8538532375170793,1.113723179720532,0.9529518784881239,0.7880975351471682,1.1485027970873185,0.9752391884420686,0.7039571132171342,0.980058496260209,0.5846525083409821,-0.08611492946514189,-0.40363296549821864,0.07315180257068049,0.5750683899396406,0.6091893029155916,0.6737446249952725,0.3731530572231955,0.9253436196874225,1.1764524226230815,1.2448981545895226,0.8072222490640718,1.1103699186289389,0.8781361964269447,1.0683361979778212,0.29708097686870205,0.21518094463669937,0.00353654386436327,0.12352949397692695,0.6481780352752096,0.030435136750883485,0.8974893672815476,0.090560375799491,1.227336514102717,0.7166493463175274,0.790396333767556,0.6185351990163532,1.0826310391695901,1.0011139325851928,1.5195114008656792,0.5672639753976769,1.1896580640826018,0.9991066432103504,1.4619482641597101,0.38946472535995225,0.7098744827322665,0.27881972749035877,0.5757289646168496,1.344664948730943,0.8714315978378097,0.451260767385941,0.6699077039922477,0.9677142068673567,0.44251269925816816,1.5312517987599081,1.174866320761972,0.27058444496709066,0.7451266805426933,1.2331053083379577,1.0757381845928191,1.1216769850753419,1.385359183351775,1.0011560201628489,0.16423861248780453,-0.39583981505662796,-0.5627244191010093,0.03547412930253532,0.28365109418559614,0.24038987229640543,1.0156742336228708,1.1270211422658043,0.9956671433069237,0.5463161231253548,0.5711179778633271,-0.29298002986507726,0.19186562904428087,-0.3337476380256451,-0.3507099425237096,-0.11522325348857895,0.3593370126118281,0.1282427914900725,-0.3344277023365869,-0.551510441504385,0.21390033297218145,0.3941321760039414,0.44626224625707706,0.7393293781778782,-0.7282651596613499,0.3091071252499978,-1.527482765528737,-1.3915517069825645,-1.6740632442009589,-0.7790696160340973,-0.25707285302304733,0.26257757486053207,0.9968243811894166,0.7055782120322591,0.25120346944907396,0.5942170666489299,-0.7706068268338497,-0.16118223416507613,-0.8465660513915236,-0.12949829065400092,-0.8341400929296794,-0.04365317132561366,-0.5294619028675412,-0.35043798994966296,-0.7699334772271629,-1.1320401634738229,-0.1900934593520965,0.35703301072736304,-0.432342309121537,0.30736005889930407,0.44341478316916816,0.05560597618725735,-0.7322107458473434,0.22149111395792304,0.1980473502235156,0.816650479573044,0.6913401203365902
11,1,0.15879066813499634,-0.17683377341030837,0.26857050039451136,0.041209048489488136,-0.09379811611346481,0.5536253511521194,0.8660132964706574,0.779383003715563,1.4396265255398222,1.5807812955275384,1.1255474242875425,1.2307104065706795,1.002627155741524,0.5399077476391301,1.330586525925486,1.436309102684234,0.563008600520515,-0.328590273330487,-0.060775765218891116,0.6729740895171188,0.5391936729640999,1.016275108356855,0.9417346622879955,1.063922356044498,1.2748769407530323,1.0006164988628434,1.4831405740667902,0.969256029761454,1.0143364114063713,1.7584134851784512,0.9475195960563143,0.7349545053968377,0.6711881696793769,1.0116506821958522,1.30670214993801,1.3726278715849838,1.1479364449324858,1.2521833125335053,0.6368736607558954,1.0059303981270913,0.8832437662805824,0.6579196601228882,0.9037824659497,0.9836445510575234,1.0283093619105812,1.5355809009963084,1.5167909612621238,1.0458038191413537,0.39038505292546477,0.2702073796373183,0.6885415101005552,0.7875410325816304,1.130562991158297,0.8167406717649853,1.407537837410669,0.393660578919561,0.1764703793211044,1.2660503764666635,0.9073651205557309,0.9762957181494744,0.6476302651106834,1.3368170978828176,0.5808571709242357,-0.0811330926774948,-0.29500629157814806,0.556783177541493,0.04173572091023483,0.5988095863228275,0.329385193833477,-0.3322252151633657,0.05316429419078717,-0.47980795344423943,-0.8783085339317576,-0.7470571955959256,0.5881149656733483,-0.1526299405628489,1.0264251945894458,0.8272789411843618,0.27736689970812006,0.48718408497445065,0.167743045853832,0.6439109946881104,1.0833996841936198,1.4319516031017878,0.7670992068111478,1.2003151058815844,0.808828069988438,-0.19403748079032018,0.9024117642055629,0.6224008834659741,0.09757068354476972,0.43991912353316714,0.5433448380467035,-0.39463993460214414,0.59839254294035,1.6743166477445952,1.4103249441070558,1.0521779163624732,1.7607097339784052,1.5810891707606989,0.9706142980372763,0.8880656240751156,1.181366253064901,1.1215168009998058,1.6925724854137552,0.8330286300105705,1.7990633910848741,1.4348250331125196,1.4520220409296654,2.014982734063164,0.38865650973790883,0.5676265046957987,0.8899883092761778,0.32783498287142937,0.24843410384604975,0.24764902102086908,0.5657011333762939,0.6628029477750582,0.9796013908567509,0.5334182352223503,0.5378336943412225,0.4835935432240904,0.07320379804702903,-0.3857760568341593,-1.2325520219274093,0.10383570074865925,-0.013308360265434653,-0.2024147967922605,0.10839342780724837,0.9531094536557655,0.7516311762182065,0.6379910177263814,1.7154824114200822,1.3895846715647457,0.6437162744721998,0.715898082151124,0.8897842312308833,0.9357921767378841,0.40421493011287796,-0.3257662508923955,-0.16075181720737836,0.07892448642820676,-0.8264463282224016,-0.293528771702466,0.6629838453371036,1.1113871277761236,-0.5922580921030769,0.19325551413728334,-0.9258330232898448,-0.334779252974135,-0.2710024360827176,-1.2152341395885893,-1.108802162577181,-0.20989046113827678,-0.27272664346272923,-0.09472531890131775,0.535509697866064,-0.029820155942188457,-0.7251290807861059,0.01832919099510312,-0.012548777616251585,0.4474075737570592,0.8662199524613667,0.26380990680240374,-0.04200719915218837,0.3914141925387158,-0.401504308184821,-0.6220724712246949,-1.325054356663641,-1.4419696884153232,-0.6925554384445407,0.4246892238960144,0.5784472277215545,1.1118939206324876,0.6272608573727647,0.49425373390640104,-1.0860426991342274,-0.4922862298218925,0.3047949295739244,-0.0007842968377945505,0.4602429270717818
12,1,0.13200270075390952,0.34354751479912515,0.4718922849441422,0.5548439570909371,0.5893872883495677,0.10287618962865822,0.5596216429312932,0.1699479819860947,0.27201490985065624,0.4700290045967538,0.3364040239903599,0.5717873456460886,0.4687433134404039,1.01687023258908,1.08645697246074,1.5017309865739155,-0.5981730718069028,0.06969793112703554,0.4475135538730253,0.38505146950911295,0.5697156501683343,1.1654754165706038,1.47557823571063,1.0524125324260674,1.1166326050513713,1.2243136900897824,1.0682037544704672,1.174883399548779,1.340814313046984,1.7565382545173016,1.4021668411183543,0.7487641199590482,0.7807468187613225,1.0136263310690832,0.96426167398719,0.616715279148488,0.9206377783167364,1.066027355135685,1.0926590111753174,1.4452801835275537,0.979850185143739,0.7749207646002382,0.935776479533766,1.203683180003169,1.1838284111157664,0.8505202560033994,0.7367156410929018,1.0005499288485735,0.4873478441207365,1.2910402067170148,1.6189389154060032,1.2369966561261454,0.7548732755812291,0.7548742760307658,1.1550640746178922,0.5698742418280818,0.9358953830711275,0.814064025423457,1.0413826459709563,0.6918246855852781,-0.10035827646016034,0.8680555360266858,0.8015720458444368,0.09241708968285776,-0.15444299261566638,-0.7281078683873857,0.21634606833041325,0.39531288042194285,0.04985739712734685,-0.32830456028565935,0.9868715212182948,0.7954195743312787,0.819417593269599,0.1520253284084873,0.4731346251368145,0.5055645123199343,0.6200499371549432,1.0620872476325145,1.0873046330130045,0.30451625886437755,0.6775877324821616,1.4132257883415897,1.6539126431379658,1.2877967098741825,1.76125798524497,1.8951221808535834,1.154892596802824,0.6104905141493856,1.0821033099497732,1.1740289651093596,0.30854506966057804,0.7345428492055077,0.9258101874537972,0.9186456555036404,0.761789736256194,0.18201566337085046,0.42117634544729254,-0.14633700264814492,0.4192824399604239,0.5571321769838329,-0.028784038121144648,-0.21148747813242325,0.866426845298289,0.3547355867885248,0.6817760357675771,-0.17954741104194788,0.3900633511909956,0.11160598173991716,0.34636322152105875,0.08011593995695851,0.5568803122903606,1.1134262542189737,1.6268274115167123,0.5644337772324759,0.7406845563274911,0.7290471350670549,1.483319065507101,0.30913116215082154,0.9396800738258243,0.7989686744912412,0.7401457421540565,1.0326091163932314,1.1491388307955832,1.2147235038739257,0.7721714076689051,0.23916054228520942,0.7734703694373619,1.2781991238105002,-0.3076018342329773,0.07514455079697606,0.1271479614619353,1.0090967128408632,0.4865712161132615,0.6500950510947072,0.38521295040505515,0.05058375099149349,0.35604263929251456,-0.4723176106303302,-0.6066621778293719,-0.35103231956567443,-0.5062848874423246,-0.2205043674011489,0.3657208646461009,0.40771754804313154,1.5281203954904516,1.477077839195695,0.622491870371632,1.5056691647738103,-0.06619725361165085,-0.889650630030438,-0.4889362260762317,-0.6894581743132664,-1.8172056141240704,-0.8298217081767374,-0.3564157795531603,0.6672674323216798,1.0745777503953169,0.37707458547868333,-0.8060877642578818,-0.41317779092498585,-0.14584116434764388,-0.4717957782152985,-0.6822229055872203,-0.5139273276844415,-0.31192205916126325,-0.6101247948134787,-1.5513222948327015,-0.48730083374203964,0.012186445267823143,-0.5239410411854041,0.4009235750446435,-0.20928904284454355,-0.8739964856429994,-0.2661618917378788,-0.9152791155340692,-1.2256747595518982,-0.42241528831273295,0.6003715616563301,0.8518979729521455,1.4073201168178417,0.48425500763320656
13,1,0.5897621730483589,0.5446952629875661,0.8639325256581147,0.8027587982520668,0.9006951064762903,0.06991718717376665,0.3452555295071423,0.6280043003632539,0.637611862538582,1.1145672321585323,0.7692190671465877,0.732683370082591,0.4826979629266435,0.3146220060418661,1.1157685520518072,1.1485388922258297,0.41176196756176975,0.47530521169415363,0.7074686814137388,0.8115589800446179,0.4981401880081066,1.0890816662160117,1.2573308330979385,1.459901030085602,1.377261100938227,1.1290843241876491,0.8950510633284995,0.8680233543613138,0.7946789210645493,1.803150013503569,0.9879390012374105,1.6141743948506235,1.5186308575520697,1.315705346647597,0.2450325043629244,0.8080624410532481,1.248053334972417,1.4425617666559833,1.2970481568518422,1.3315498607356322,0.6744214446646909,0.4435622183124832,0.47868249211103914,0.4323759110240896,1.1324297336908742,0.7991370003567395,0.7598568089365993,0.9514463129360069,1.1484113192156682,1.5106845611026016,1.4253417556260062,1.2248726935318208,1.0886941353739708,0.778503638539146,0.46675109259940467,1.0155580083862974,0.5957486085324503,1.0140223750199093,1.2316663232799068,1.1492246747572634,1.1893411572212564,1.2658995233791746,0.3861422644732091,0.29865664036680184,0.7099491846271386,0.7989315879062503,-0.06973047897601382,0.5595345891981862,-0.3245650033351697,0.5050016305100122,0.8951208141705623,0.207300859002142,-0.04723967730429048,0.771198876492403,1.0214932164126211,1.0758073551354292,0.7102342507185315,0.36768054759520563,0.5018364953130159,1.090094887199695,1.1212236708767278,0.7581989292135534,1.0257383687848494,1.4907608726293378,1.6502632362248622,1.9780586407523382,1.1266302060538675,1.0325998051082854,1.7348991475303206,1.4376841921306631,1.464234197416654,1.566364045508341,1.3037582176356886,-0.1806504644212134,0.7922651774811027,0.9439792231057819,0.43348837232976994,1.4480811015602457,0.49382807708153453,1.2048814007530462,0.5299950953952021,0.4131307567329672,0.8842614101957804,0.37254297008398424,0.1909396877396153,0.9349299911341172,0.6243296065120243,0.6641842252271749,0.9327681156984242,0.07710389059484966,0.5969485032142353,1.1254226007038834,1.05894484986336,1.0857683419884554,1.2582956187036793,0.773185316963981,1.4218914254985544,0.7535748582438088,1.306277791525146,1.9694722903835042,2.6866723077274446,2.572129370065056,2.0357556352132615,1.0834283737064458,0.17434636783506346,0.6599191948589891,-0.8165987417215502,-0.38782756643987654,0.6496572201575462,0.9434933728810941,1.0095530417302125,1.3066685718109878,1.5887240272698562,0.5048640205021828,-0.932920145504414,-0.3559589677513362,-0.37829906447325967,-0.8266673195877506,-0.866334532796197,0.43700818813826464,-0.08086628563771739,0.32569456592877344,0.21130991910179783,1.3692479804437987,0.5952712694586915,1.7515076050374125,1.5699993814582665,2.0621843967030586,0.4628871663830985,0.3967196509695411,0.7183745698254305,0.10456009607432257,-0.7488231061752166,-0.288014769786706,-0.010449888927588531,-0.06074547926483467,0.023249229262270108,-0.8383429942894206,-0.8636528157280285,-0.22077483074157542,0.0036567908149117184,-0.4035777992597239,0.08273268499913344,-0.5216683490357115,-0.566307253887413,-0.02457384147734909,-1.5606875258542143,-0.03047080596539544,-0.6899036146251567,-0.9512106056946856,-0.0082407365695553,0.011213421881466602,0.534027221330525,0.539629330190289,0.040038706156953124,0.29311202715602724,-0.03981309031701513,-0.667338883431754,-0.1403842726176333,0.339365482084445,-0.4295621840568111
14,1,0.2993563675608334,0.09129864244675757,0.4504002641799029,0.11286951345852442,0.2123089357514208,0.17132041015316313,0.35251300671809854,0.7588876193423642,0.6945266721792163,0.7260881449775225,0.6643373841622907,1.1661941724683376,0.34592325551566583,0.47191651311524374,0.6787827560399404,1.7027986736844047,0.7384027545391056,0.5834693078781835,0.8913456208402104,0.16438716921746196,0.18570501495842967,0.9460955533489768,1.8449558530994954,1.4530441959495124,1.9228915760187515,1.8405868680216,1.0198673840726422,0.8189916233316118,0.5312056028671714,0.5947620719833825,0.9900392506817387,1.2169228206628684,0.9987088130255329,0.9521291278223497,0.6481101861033175,0.9259801965066891,1.073894005955648,2.0486166076664833,1.6162330698594334,0.6929603234079744,0.38484600665029584,0.00025316121436311256,0.8437361790141634,0.785316916059488,0.9123070260930507,0.3963874736525794,0.6263929150588741,0.38621835304994223,0.38888816600900683,1.4275387754061633,1.3309010287768777,1.0450977192801896,0.935658079878389,1.2232460490198898,0.8187386501651842,0.9072083455733891,0.8926470482217468,1.5797507186981619,1.6922014105412775,1.237870062557996,0.7224084376369008,1.495400153396075,0.7662621420142355,0.8405345163754901,0.31805106288732016,0.39905402106043386,-0.1805838701143878,0.6167416874028765,1.252551894632298,1.0104922163270686,0.6084960480016006,1.1597550752331087,1.2687314471811113,0.5817321828333477,0.9443978752289899,0.879621137287825,1.588400110374682,0.07288713232484804,0.44666818813278886,0.8834851601903071,1.3807362989935743,0.9744838737990423,1.8758709216860683,1.5000513384239136,0.9721710685783885,1.7540735955983342,1.3465076323566425,1.2072948910096517,1.9804217089114207,1.8528524016728667,1.5112826662568961,0.8125764906843058,0.7295006384230207,0.8349957368212434,0.7969446817512313,1.0882310462917504,0.7764434200079722,0.23684887453104642,0.27258389564666613,0.26694214310387476,0.6696949500983249,0.17115801805847616,0.3715041015830318,0.965983542332509,2.1751448472720942,1.1991652688028058,2.013353129918214,1.8939625640405047,1.0958363669042712,0.9667513145503805,1.012019296624965,0.8777836468020539,1.334137298884812,1.306564620843357,1.5927009734585873,0.6371478372508124,0.6184156179994996,0.6520531160372629,1.104660018765546,0.40168400408381644,-0.20421294826254535,0.6670590493634391,0.4648996383597538,0.61809975045471,0.763654490672911,0.3963363682167014,0.6452097514218402,0.6230242515846526,0.2301076933161397,0.520008883882012,1.1374724939264202,0.8871896755512636,0.8667498953578716,0.3422052617226585,-0.0998649429329831,-1.1219629588665037,-0.7892445057848425,-1.6492409713772567,-1.4664398585528378,-0.6223414872169655,-0.3836119248430313,-0.19258193240883295,0.30947367294157935,1.0342790356404161,-0.06114387153742487,0.31245240638406174,0.15973673666278326,0.4335845903106104,0.5388189080548362,-0.6369578288797053,-0.6134675652616013,-0.43595792561206015,-0.3309327927754447,-0.05711272522886622,0.04994825718758533,-0.12411698784163643,0.40686749464150007,0.09084260580061836,-0.989790818788847,-0.2375752284020374,0.030767762564111567,-0.16466364540615203,0.07096976928126934,0.5305180449882365,0.37298088766284027,-0.46320448762128286,1.148406330857371,0.42281831772145995,-1.024318520206003,-0.7501922903356342,-0.4067814465593177,0.36938105652049175,1.1863645849772255,1.2668370690499866,1.8113110979262526,0.8528846524704482,-0.08752302564383269,0.37656375437498113,0.9209200180779294,1.02053145354134,0.20742052134505842
15,1,0.6110553904172488,0.7945331171600731,0.48706340713520047,1.0001167680743728,0.6574565507679023,0.18946262711819692,0.33193293397369006,1.113397698569294,0.881478160108268,0.9036535743732745,0.9174060663775527,1.0287013111662178,0.7793860697656607,0.5167058971281616,1.4356033266598778,1.5569695775133703,0.5166550828833073,0.22306544133620199,0.342358891232155,0.5257268615162605,0.2284768506239305,1.03629701999183,1.2674729754403282,1.3111266237798478,1.2336255128506035,1.7032821601675245,0.9738919235451248,0.6106673848556506,0.6048764783208744,1.055485638300384,1.2680313700587151,1.4478718730002325,1.4659039219776357,0.9538785210200567,1.082202778844789,1.5012786971065026,1.4209439070095735,1.9114829183824062,1.9617658291739937,1.4787931465079762,1.2422510324673603,1.6035578455837773,1.897602968902575,1.5839446831015573,1.1500324136346007,1.177736134987892,0.7857227603556904,0.9959908753710601,0.7776712406590963,1.3468972162963182,1.5903131298761481,1.4160354937514714,1.5222178368991321,1.308602953621126,0.7807546282979744,1.029211466797361,0.07634878403035597,0.09963709230176061,-0.04673422839166411,-0.4570830823589758,0.3683950867782303,0.9874049226104404,0.599859631488568,0.33835885277095457,0.2268979215672866,0.5069690028391628,0.16475187474600908,0.3469884987792579,0.7076302457889513,-0.09725267526057217,1.1065314892382614,1.1067810132945715,1.377342337111957,1.508740525920084,0.20243780540894976,0.4074331341223312,-0.013477363438092214,0.640089449105411,0.7067244317749708,0.41883628369170617,0.8100682037970866,1.2216445185144102,1.2549769344957395,1.0335820314862092,0.35716650277848216,0.764416303893207,1.0243679762518823,2.03853108388672,1.7505812869345325,1.2904292402874247,1.6020790558894706,0.22865767600014153,1.2627224809472695,0.49430999723270314,1.0675549951227288,1.151903769180425,0.7215878985065453,0.6519196150283314,0.9046906636183915,0.5621599476882416,0.6636187508101861,0.6690386400733648,1.2519786086183522,1.124367284582805,1.2968644832433942,1.4438515155796285,1.8413926922969772,0.8900652411061666,1.5285714456735164,0.31783387602077195,0.339938270100982,1.2837851152554784,0.7552978858138187,1.1059305513269577,0.4447604377582692,0.332499890117025,0.8001884154950284,0.12781628780560308,0.39286045453650287,0.4514235347941006,0.6576105073079586,0.7079310638464812,1.0355522141293987,1.4197415344112523,0.5751622560867884,-0.009638463000514106,-0.04932091743833735,0.17089345343251772,0.13201282205827589,0.9612857379586573,0.8374161613383287,0.8020514808183757,1.193072731519675,0.30813607594043635,-0.8250869228958243,-0.2139226312222076,-0.9436936432618286,-0.6993781229157982,-0.2641926335885373,-0.15484203198229818,-0.7535599229949843,-0.7292248355422195,-0.16312341287408458,-0.1377778258824834,-0.2723208059537525,-0.15956960198394468,0.44266389953002716,0.8034644968459579,-0.2598767310642925,-1.0504713965577264,-1.780387179712091,-0.49613136287686316,-0.48600534015497554,0.08080346993755178,1.001466354513572,0.7561699052345046,0.6253763174223277,-0.23854075223658047,-0.17983226666440108,1.0463600344177137,0.013316149338480958,0.15310539738205264,-0.36945063321852056,0.4980549511273764,0.8906511350441589,0.1764801852375662,0.010511839637451769,-0.5117451661567908,-1.261525585546888,-0.30258962705351267,-0.10974673473664646,-0.09212852803115694,0.3552950253425352,-0.7134514423468812,-0.15884002362266952,-1.2555584461218248,-0.4391996376824328,0.8093049892441486,0.5114757020457266,0.695986485715053,0.3127903062959277
16,1,0.4700804501624578,0.6729919880324208,0.6277418436790808,0.3394786693167352,0.07607033312447564,0.3863515371980338,0.5561704053765448,0.6686101228664996,0.7269726951726766,0.5344837678867504,0.8758888448786049,0.7318357899433442,0.35124820936349593,0.3790290152725234,0.966282851440327,1.050253431075822,0.5313421664461078,0.6278343272478843,0.17179512963526702,0.4838314208208074,0.479974515611104,1.800085875917177,2.0274052231789104,1.6595557353578299,1.3781930740376198,0.7808898335053374,0.9352829831428842,0.7712033764474593,0.9920235548792714,1.7849570392759626,1.3387224029857987,1.722714094185199,1.0710620747216335,1.39897985289724,0.6570381149189977,0.9184397721000497,1.1876210731224999,1.6396760082473172,1.581586758457041,1.0875665769039444,0.8601807828897289,0.8591790263349839,1.5806254923871585,1.8838383017423286,1.8313742342615018,1.3308744323123312,0.937773134084076,1.0681028419308043,1.5156996606531143,0.9721402127665633,1.611977962768919,1.3249424819641888,1.4037706474658547,0.882674409231665,1.1423183993571164,0.3280723449680037,0.13322101807865444,0.8500478528408021,0.6678873239165146,0.90475782554497,0.18135696990650896,0.7280017035138086,0.4226358853413221,0.5219941319660911,0.8703317010016984,-0.07017931644222747,0.2505840884246654,0.4575171715979062,0.4950961526932794,-0.0023145401497084517,0.6512477943496952,0.801399431560788,0.12021462153155045,0.510402709562771,0.5598634643502682,0.6044411378927178,0.9543917909387648,0.2544960335070083,0.5129144599619638,1.3712110829039768,1.6697314524489868,1.3258614499835815,1.979775584310532,0.6179554351442123,0.64345125578057,0.11030944669698922,0.5029237386073939,1.0050353783271593,0.79554102151809,1.2206203706972656,1.1506595561590058,1.0388281328329587,0.23109656492707256,0.8353210021182793,0.8908450885533087,0.9598510423546606,0.3099466620476907,0.24928431133415,0.5903902715294893,0.5895352027328675,0.3649337005988256,1.1816829155200628,0.9286063818588226,-0.26619983123203733,0.483071486414341,1.374446405733965,0.5053090736677063,0.5396457048803829,0.6915508929196804,1.0736827411574659,0.0003708158659766606,-0.03609746287831109,0.40365085226508446,0.8139132433889809,0.4885113545366219,1.4299232364463783,1.2253905420092976,1.4221397901798745,1.167379567692334,1.0415943701491044,1.8999722959326708,1.7405135977429333,1.2719129133372826,0.17156267453354856,0.17744324093973715,-0.4580781606515139,-0.5996796019300826,-0.5595402532246785,-0.6669656548861245,0.624315942641068,0.7293926812559078,0.3567559514706281,0.4579075171504423,0.1607623145729098,0.05698048726734545,-0.508824346324334,-0.47942694887315307,-0.20198464830994553,-0.46959925995721724,-0.4466655193298455,-0.9611859491862043,-0.18045197156588347,-0.012199280304592712,-0.2297351622031041,0.6442353352948038,0.6775200816780189,0.45104045265502524,0.4373926260900012,0.7774979786422186,1.3906444029677967,1.6667980647453124,1.3064086931600356,0.6662324704776559,1.0323680027601456,1.1261761093764369,0.7761714893214643,1.213736105047332,0.48943642873588417,0.7560417240754983,-0.016109963097669017,0.06365244975295405,-0.7218190754597698,-0.18246282739715677,-0.17699356575455583,-0.07411649088060968,-0.3014262844682266,0.2506300271650479,-0.9322178391772661,-1.3593746999974674,-1.2197325263659962,-0.7821930855324024,-2.2899634434331095,-1.1181414398016605,-0.5612848417484069,-1.1065183194948085,-1.768362175892303,-0.19922661914977938,-0.4667036068144084,-0.6052056895223149,0.014054241142357036,-0.33494086385157673
17,1,0.37948655236460227,0.15829584256688703,0.13570890705358268,-0.3606141389536849,-0.3564358789052819,0.2250008044890321,0.13851021657096968,1.2206325673622802,0.038286282287893186,0.19948487301862922,0.6159741432048317,0.8861961967893422,0.6339921550100983,0.5464449493045117,1.7566623000751254,0.895012502059939,0.8110412629715504,1.2938827471323877,0.8554452712524971,0.961165090660183,1.0132770029631628,1.3708074623181978,1.2211693327351572,1.2849883508312632,1.1280184359720895,0.7100308307753752,0.6790087973452321,0.7439097755112698,0.39147869499901566,0.8248588516505123,1.1062712939955077,0.7896241818397617,1.4060040691579154,1.0866279178744171,0.6971447842821371,1.1985854210367626,1.6794385177530324,1.384137824092978,1.3195627059331467,0.8835003736890443,1.2615850829875583,0.7162475739602528,1.2632835262433904,1.5558293076423622,1.959181935833948,1.7212449580274614,1.4480329866783943,1.51726822685248,1.0843189622953002,0.7481686639769364,0.8650421483432812,0.8784845986302603,1.0131043401208721,0.9657754989631783,0.5589309800124217,0.6141295854427661,0.21822391551979656,1.1147300798636364,0.9325204327284883,0.06788788307487832,-0.20110900330864084,-0.280586988791885,-0.2742966861389605,0.3731875156308788,-0.1668356418765022,-0.15952284115622423,0.424952430829291,0.048997370236591585,-0.176347837885157,0.438274671613149,1.0452127895279355,0.9284498085576385,1.0271055157770907,0.18226558765809017,0.47570963729355153,-0.32891888840262307,0.12756829378566176,-0.0691939545250658,-0.5161859676021149,0.417970664169001,1.5588475735956062,0.6381978362410359,1.1595959225692376,1.587444043346658,1.258702478193646,0.7487357888821553,0.5628914425320826,-0.15581286784102302,0.773994557222861,0.3308295283585503,0.7234095121551642,0.46630246841415496,0.13775092572745126,0.6993911566032055,0.4900711280535505,0.6629698780813619,0.545575975954393,0.34905532302672043,0.6689024528070676,1.230996816431671,0.39249882520350504,0.9301268445299807,0.6358944887160175,1.1126643970948777,0.9752199202370304,1.2375482317559674,1.1658035075637017,1.1496459159191001,0.5872702477118602,0.8243865173494114,0.9371049814139436,0.6177212028202305,0.3302716607505021,1.5669551687829744,1.8790985607688724,1.5640639518693014,1.9848989443562652,1.6221645162433767,1.434634848917985,1.4445802683197775,1.688839264700928,1.1446007531609987,1.3860851983352276,1.1772579131646694,0.8903922196673978,0.7398153537973456,0.7935684875783459,0.22855312431802421,0.2112496296297494,1.086261418367604,1.0823252150325355,0.809702195578151,0.8497242293397249,0.4930725104301608,-0.4894555770797236,-0.6353062025433296,-1.3939433156519858,-1.647878306161354,-0.19951641426238925,0.2885791355195256,-1.1424890425761345,0.03326544073517364,0.037323753610612916,0.2934615559128512,0.7523923176637433,0.16349530544191496,0.3751885737199839,1.051811840655817,-0.4820002473765594,0.28407155508866505,1.1352020489660848,0.5007080649230148,-0.2425416815701438,0.7557060959014976,0.45683939399558277,0.08651849833717208,0.10910694401360296,-0.6535491430767624,-0.5965741278863576,-0.113392789497137,-0.2078156589328421,-0.3550858782038952,-0.22656611937336313,0.2575774013490609,-0.5795759306135679,-0.9805663126221279,-0.06090310400877449,-0.4408586993385942,-1.2474504961969501,-0.5482014847046759,-0.63281835846641,-1.2782985372752482,-1.7465518167237264,-0.8152135635814638,-1.1085508158491735,-0.6938812651229839,-0.90454267620279,-0.4782863688727476,-0.7887492838685906,-0.00019107236779778287,0.8216310437221712
18,1,-0.34017268471161916,-0.2825434687258327,-0.6024001005872911,0.08562480596925065,-0.40098252876491697,0.34273772725413637,-0.0019981517077585216,0.6500602837970538,0.1321195931739619,0.5130757742957628,0.14933840423934153,0.4973669396171599,0.7729258135653836,0.6135440357107224,1.220769958073527,1.3266175313848028,1.3341316665234706,0.27018161838246973,0.5550766839208866,0.09426270057625177,0.15959957697829555,1.41383583830961,1.4014632253868418,1.1743073879279062,1.5072815730017712,0.7485296952052226,0.9089673444923259,2.035654201875705,1.2565030405339241,1.78092997862562,1.6049977954448253,1.2515666890607124,1.1925314306221504,1.368199177975758,0.8100184760095118,0.7561539473116969,0.7410541160204887,1.8692938911443462,1.0870755052298522,0.6931844209904939,0.5554692652388206,0.4591927974682481,0.3285078645051071,0.8233600685708221,0.46532917315126643,1.0230068244133406,0.4623757739597424,-0.017625660595657983,0.5939349380464796,0.9802440841508812,1.3270692681816876,1.6163808990742359,1.1331103030016034,1.2758406453136157,0.005488135084280321,0.9574780347738825,0.5530573829781715,0.640481192567849,0.7398039981135452,0.6580092527741226,0.9442262040995517,1.2721120267259325,0.8261557913187636,0.5732966019883101,0.43906844940268563,-0.29236386480426085,0.17906908762744192,0.13135831652464056,1.1708541068493548,0.8063571750899172,1.0561800889533821,0.31965555881920116,0.187664794856006,0.9834408142885364,0.9233391326925123,1.1612380573285181,0.4744183386430359,0.7978445998355503,0.6674748816693621,1.492911648287063,1.0915665914112938,1.4359597117798262,0.5166773640075042,1.89181926351125,1.7332523311740045,1.3861627839034798,0.876874202568231,0.8411450499294341,1.3274496502477737,1.3136004277809628,1.3884289808469918,0.7477353872683605,1.9553105093868124,0.5617826317468282,0.8114027389474,0.1650302190399751,0.6859793593898268,0.09582498306046483,0.46101610084251143,-0.010522950372926325,0.18534443634821526,0.30730023166269343,1.520279555343447,0.5984314050295148,1.5430707959441403,1.9986572786657781,1.7782374835525108,1.2113859937459703,0.8654935647613679,1.0673090322780021,0.5147926729237418,1.3861550614120037,1.500081327975135,1.5283779892229852,1.069150181874606,1.254967002811363,1.3863309429381532,0.3982656451724817,0.3715768402804106,0.26326044501872464,1.3328206765798223,1.0467550537430574,2.0234327322301153,1.0705038870805215,0.41330332453450713,0.05061915210423713,0.04807437956602755,0.05108709537013006,0.2827605223418253,0.8990833020109353,0.9777078324361077,0.8267438638648874,1.0281887423836915,0.26853803400432646,0.2387904672382307,0.15500481086509513,0.7546508052751151,1.1693128550377925,1.411201328282224,1.3179279839331985,0.4197352617163675,0.5798246462917781,0.27979282821948104,0.7638073965148212,0.9706654937205973,0.5830450494944174,0.26187713252273503,0.9546260459219227,-0.23611126724077297,-0.32126706432836094,-0.04463419630587701,-0.4578598882313286,-0.7351799086060298,0.687311766026071,0.5711374706881541,0.9247681810265714,0.5357712036980119,0.1578550559579629,-0.2531583922456134,0.4126355447235872,0.006338623865825156,-0.9457171959144274,-0.1666211572337827,0.6328536849722246,-0.5845680329107502,-0.8497886920767683,-0.21680140472038706,-0.9951294263205036,-1.3073504418445197,-0.9632328056829119,-0.7695747292661314,-0.6921701528326013,0.3909573577384047,0.6658574251022502,-0.5562915705803454,-0.6910958371019629,-2.340214168667377,-0.928691029179976,-0.44332462915648535,-0.17963564633590262,0.41765631562835165
19,1,0.023395535298507124,0.3083797819838572,-0.7040379780433237,-0.42430881404179444,-0.32706598751887767,0.12765941841206868,0.7975753622857761,0.6193908901099974,0.7382702996389007,0.3568516819948571,0.41444532246317106,0.824300787753811,0.3956515326479482,0.6576724036414554,1.1592350669778162,1.0397877942212899,0.5749243386180514,0.7803507976696469,0.42394758104738856,-0.28275660956766696,-0.6382894440474758,0.4994443567570949,1.0799109008065042,0.9388680925261713,1.170167149422065,1.4831582957539515,1.588374977481712,1.235242734484897,1.0102912562354815,1.59476067304788,1.9875232912932126,1.3619745171797464,1.3837430257599088,0.6873369252978363,0.8472035252189242,1.297976166732854,1.1027621220097064,1.194230410469774,1.278604589650895,0.9005233587240367,0.6249283863228866,0.7394157455649453,0.38376677017405786,1.325754777924994,1.1157151068308135,0.7790456415100082,0.8626158241831823,0.566455463549544,0.8550518057914346,0.43026683093391266,1.0241030137106004,1.2753730488104882,0.934481340716915,0.9387571510866815,0.9388826816386404,0.7452062337438045,0.46459482262343454,0.9186271426156625,0.8729917054178188,0.448728309455616,0.48224564264595865,0.9244560902108443,0.9783661165551358,0.49163602618100494,-0.04633327389642564,-0.04708567202317062,-0.1321930604109844,0.29270812365742604,-0.1482376019987568,-0.010279246223255227,0.6954826465620155,-0.006503843083698073,0.20607586447407555,0.5919067122742372,0.028218389261472885,1.3188786705709807,0.9975592073928602,1.1421760518031898,0.3006514745362972,1.378463508763021,0.6469030907396033,1.095606213253959,1.5658435831855515,1.071907601347819,1.3994300210748125,1.1187618545357239,0.22319517860719532,-0.7445911686684893,0.2174768066630074,0.07547974005978093,0.9388792499220421,0.9986515617283588,0.6614817406878766,0.9469713750367218,0.45165775870200503,1.1220452728008095,0.9421971178326939,1.1729715482573881,0.34998836256077703,0.20454536381159075,0.23945016507915923,0.7073643675585759,0.4695814804616117,0.9960027242561402,1.5097353346862499,1.0365693807629548,1.3034379315268259,0.28832352723235277,0.8805311677548091,0.05675071533099126,0.2216765662603776,-0.016249756488719475,-0.4771998951314722,-0.7193057923459082,-0.5022563492017894,-0.11875508317966572,0.3560412504278224,0.23262111449177608,0.8727832193186907,0.20695558870755024,0.5543043011154851,1.0977811316698758,0.7880358315791178,0.40015475213605894,0.7915471282332804,0.589773458849058,0.9941516088505054,-1.1972769626436683,-0.6576239320275385,0.36851494757580394,-0.17122287564960342,0.24648096184159163,0.1344485109420277,-0.2027839054427113,-0.2831344740993996,-0.011307506824135484,0.4127993482322202,0.29576956223485656,-0.24209911599727063,0.5750003386786744,0.29579542274624165,0.7549902158731784,0.9044330942914297,0.6317306123638294,1.5967953388320555,1.1965290752224198,-0.45589473520817014,0.5201081738697646,0.5803165610348215,0.7881991050690629,-0.5828022755018897,0.5364919933188346,-0.9647701186310873,-0.6728816075256415,-0.8657437242482503,-0.835045401771802,-0.570537808730733,-1.2609316203133292,-0.6587633493309102,-0.56742774059893,-0.6278881581653794,-0.6808406969365695,-0.43251605332462706,-0.201711236876066,-0.45041190031586054,-1.0912675974401118,-0.8851387889863181,-0.31810771850901587,-0.6900653356662664,-0.6054806193475417,-0.18753139412832182,-0.28824743145453613,-0.3653350933553362,0.005867943498596512,-0.004734794714478613,0.1474450304883371,-0.7913946335009409,0.2648418894717814,-0.042263631138731036,0.7123152515897634,0.8168182390004367
